model	objective	gene	status	value
iUL909.xml	obj	G_OGAPODRAFT_100017	optimal	1.116836
iUL909.xml	obj	G_OGAPODRAFT_100096	optimal	1.058259
iUL909.xml	obj	G_OGAPODRAFT_100157	optimal	1.116836
iUL909.xml	obj	G_OGAPODRAFT_100208	optimal	1.116836
iUL909.xml	obj	G_OGAPODRAFT_100225	optimal	1.116836
iUL909.xml	obj	G_OGAPODRAFT_100320	optimal	1.116836
iUL909.xml	obj	G_OGAPODRAFT_100410	optimal	1.116836
iUL909.xml	obj	G_OGAPODRAFT_100799	optimal	1.116836
iUL909.xml	obj	G_OGAPODRAFT_100800	optimal	0.0
iUL909.xml	obj	G_OGAPODRAFT_100864	optimal	1.116836
iUL909.xml	obj	G_OGAPODRAFT_100977	optimal	1.116836
iUL909.xml	obj	G_OGAPODRAFT_101019	optimal	1.116836
iUL909.xml	obj	G_OGAPODRAFT_101109	optimal	0.0
iUL909.xml	obj	G_OGAPODRAFT_101226	optimal	1.116836
iUL909.xml	obj	G_OGAPODRAFT_101240	optimal	1.116836
iUL909.xml	obj	G_OGAPODRAFT_101342	optimal	1.116836
iUL909.xml	obj	G_OGAPODRAFT_101391	optimal	1.116836
iUL909.xml	obj	G_OGAPODRAFT_101393	optimal	1.116836
iUL909.xml	obj	G_OGAPODRAFT_101426	optimal	1.116836
iUL909.xml	obj	G_OGAPODRAFT_101456	optimal	1.116836
iUL909.xml	obj	G_OGAPODRAFT_101503	optimal	1.116836
iUL909.xml	obj	G_OGAPODRAFT_101505	optimal	1.116836
iUL909.xml	obj	G_OGAPODRAFT_101511	optimal	1.116836
iUL909.xml	obj	G_OGAPODRAFT_101532	optimal	1.116836
iUL909.xml	obj	G_OGAPODRAFT_101659	optimal	1.116836
iUL909.xml	obj	G_OGAPODRAFT_101866	optimal	1.116836
iUL909.xml	obj	G_OGAPODRAFT_102034	optimal	1.116836
iUL909.xml	obj	G_OGAPODRAFT_102080	optimal	1.116836
iUL909.xml	obj	G_OGAPODRAFT_102119	optimal	0.0
iUL909.xml	obj	G_OGAPODRAFT_102122	optimal	1.116836
iUL909.xml	obj	G_OGAPODRAFT_102168	optimal	1.116836
iUL909.xml	obj	G_OGAPODRAFT_102327	optimal	1.116836
iUL909.xml	obj	G_OGAPODRAFT_102344	optimal	0.980357
iUL909.xml	obj	G_OGAPODRAFT_102407	optimal	1.116836
iUL909.xml	obj	G_OGAPODRAFT_102448	optimal	1.116836
iUL909.xml	obj	G_OGAPODRAFT_102504	optimal	1.116836
iUL909.xml	obj	G_OGAPODRAFT_102519	optimal	0.0
iUL909.xml	obj	G_OGAPODRAFT_102625	optimal	1.116836
iUL909.xml	obj	G_OGAPODRAFT_102895	optimal	1.108485
iUL909.xml	obj	G_OGAPODRAFT_102982	optimal	1.116836
iUL909.xml	obj	G_OGAPODRAFT_102999	optimal	1.116836
iUL909.xml	obj	G_OGAPODRAFT_103051	optimal	0.0
iUL909.xml	obj	G_OGAPODRAFT_103118	optimal	1.116836
iUL909.xml	obj	G_OGAPODRAFT_103143	optimal	1.116836
iUL909.xml	obj	G_OGAPODRAFT_103146	optimal	1.116836
iUL909.xml	obj	G_OGAPODRAFT_103253	optimal	1.116836
iUL909.xml	obj	G_OGAPODRAFT_103274	optimal	1.116836
iUL909.xml	obj	G_OGAPODRAFT_103496	optimal	1.116836
iUL909.xml	obj	G_OGAPODRAFT_103592	optimal	0.0
iUL909.xml	obj	G_OGAPODRAFT_103653	optimal	1.116836
iUL909.xml	obj	G_OGAPODRAFT_103659	optimal	1.116836
iUL909.xml	obj	G_OGAPODRAFT_103670	optimal	0.0
iUL909.xml	obj	G_OGAPODRAFT_10418	optimal	1.116836
iUL909.xml	obj	G_OGAPODRAFT_10662	optimal	1.116836
iUL909.xml	obj	G_OGAPODRAFT_10669	optimal	0.0
iUL909.xml	obj	G_OGAPODRAFT_10782	optimal	1.116836
iUL909.xml	obj	G_OGAPODRAFT_11046	optimal	1.116836
iUL909.xml	obj	G_OGAPODRAFT_11645	optimal	1.116836
iUL909.xml	obj	G_OGAPODRAFT_11793	optimal	0.0
iUL909.xml	obj	G_OGAPODRAFT_12267	optimal	0.0
iUL909.xml	obj	G_OGAPODRAFT_12336	optimal	1.116836
iUL909.xml	obj	G_OGAPODRAFT_12856	optimal	1.116836
iUL909.xml	obj	G_OGAPODRAFT_12974	optimal	1.116718
iUL909.xml	obj	G_OGAPODRAFT_13100	optimal	1.116836
iUL909.xml	obj	G_OGAPODRAFT_13274	optimal	1.116836
iUL909.xml	obj	G_OGAPODRAFT_13298	optimal	1.116836
iUL909.xml	obj	G_OGAPODRAFT_13381	optimal	0.805031
iUL909.xml	obj	G_OGAPODRAFT_13455	optimal	1.116836
iUL909.xml	obj	G_OGAPODRAFT_13669	optimal	1.116836
iUL909.xml	obj	G_OGAPODRAFT_13736	optimal	1.116836
iUL909.xml	obj	G_OGAPODRAFT_13838	optimal	1.116836
iUL909.xml	obj	G_OGAPODRAFT_14111	optimal	1.116836
iUL909.xml	obj	G_OGAPODRAFT_14634	optimal	1.116836
iUL909.xml	obj	G_OGAPODRAFT_15037	optimal	0.0
iUL909.xml	obj	G_OGAPODRAFT_15038	optimal	1.116836
iUL909.xml	obj	G_OGAPODRAFT_15039	optimal	1.116836
iUL909.xml	obj	G_OGAPODRAFT_15040	optimal	0.805031
iUL909.xml	obj	G_OGAPODRAFT_15042	optimal	1.116836
iUL909.xml	obj	G_OGAPODRAFT_15046	optimal	1.116836
iUL909.xml	obj	G_OGAPODRAFT_15049	optimal	1.116836
iUL909.xml	obj	G_OGAPODRAFT_15059	optimal	1.116836
iUL909.xml	obj	G_OGAPODRAFT_15060	optimal	1.116836
iUL909.xml	obj	G_OGAPODRAFT_15063	optimal	1.116836
iUL909.xml	obj	G_OGAPODRAFT_15072	optimal	1.116836
iUL909.xml	obj	G_OGAPODRAFT_15082	optimal	1.116836
iUL909.xml	obj	G_OGAPODRAFT_15090	optimal	1.116836
iUL909.xml	obj	G_OGAPODRAFT_15108	optimal	1.116836
iUL909.xml	obj	G_OGAPODRAFT_15133	optimal	1.116836
iUL909.xml	obj	G_OGAPODRAFT_15141	optimal	1.116836
iUL909.xml	obj	G_OGAPODRAFT_15144	optimal	1.116836
iUL909.xml	obj	G_OGAPODRAFT_15152	optimal	1.116836
iUL909.xml	obj	G_OGAPODRAFT_15154	optimal	0.0
iUL909.xml	obj	G_OGAPODRAFT_15166	optimal	0.0
iUL909.xml	obj	G_OGAPODRAFT_15169	optimal	0.0
iUL909.xml	obj	G_OGAPODRAFT_15178	optimal	0.0
iUL909.xml	obj	G_OGAPODRAFT_15185	optimal	1.116836
iUL909.xml	obj	G_OGAPODRAFT_15189	optimal	1.116836
iUL909.xml	obj	G_OGAPODRAFT_15190	optimal	1.116836
iUL909.xml	obj	G_OGAPODRAFT_15195	optimal	1.116836
iUL909.xml	obj	G_OGAPODRAFT_15199	optimal	1.116836
iUL909.xml	obj	G_OGAPODRAFT_15208	optimal	1.116836
iUL909.xml	obj	G_OGAPODRAFT_15212	optimal	1.116836
iUL909.xml	obj	G_OGAPODRAFT_15214	optimal	0.0
iUL909.xml	obj	G_OGAPODRAFT_15216	optimal	1.116836
iUL909.xml	obj	G_OGAPODRAFT_15223	optimal	0.970034
iUL909.xml	obj	G_OGAPODRAFT_15228	optimal	1.116836
iUL909.xml	obj	G_OGAPODRAFT_15232	optimal	1.116836
iUL909.xml	obj	G_OGAPODRAFT_15233	optimal	1.116836
iUL909.xml	obj	G_OGAPODRAFT_15250	optimal	0.0
iUL909.xml	obj	G_OGAPODRAFT_15252	optimal	0.336832
iUL909.xml	obj	G_OGAPODRAFT_15255	optimal	1.116836
iUL909.xml	obj	G_OGAPODRAFT_15256	optimal	1.116836
iUL909.xml	obj	G_OGAPODRAFT_15259	optimal	1.116836
iUL909.xml	obj	G_OGAPODRAFT_15277	optimal	0.970034
iUL909.xml	obj	G_OGAPODRAFT_15283	optimal	0.804541
iUL909.xml	obj	G_OGAPODRAFT_15287	optimal	1.116836
iUL909.xml	obj	G_OGAPODRAFT_15294	optimal	1.116836
iUL909.xml	obj	G_OGAPODRAFT_15295	optimal	0.336832
iUL909.xml	obj	G_OGAPODRAFT_15301	optimal	1.116836
iUL909.xml	obj	G_OGAPODRAFT_15319	optimal	1.116836
iUL909.xml	obj	G_OGAPODRAFT_15336	optimal	0.0
iUL909.xml	obj	G_OGAPODRAFT_15342	optimal	1.116836
iUL909.xml	obj	G_OGAPODRAFT_15343	optimal	1.116836
iUL909.xml	obj	G_OGAPODRAFT_15348	optimal	1.116836
iUL909.xml	obj	G_OGAPODRAFT_15353	optimal	1.116836
iUL909.xml	obj	G_OGAPODRAFT_15360	optimal	1.116836
iUL909.xml	obj	G_OGAPODRAFT_15369	optimal	1.116836
iUL909.xml	obj	G_OGAPODRAFT_15371	optimal	1.116836
iUL909.xml	obj	G_OGAPODRAFT_15374	optimal	1.116836
iUL909.xml	obj	G_OGAPODRAFT_15376	optimal	0.336832
iUL909.xml	obj	G_OGAPODRAFT_15378	optimal	0.0
iUL909.xml	obj	G_OGAPODRAFT_15386	optimal	1.116836
iUL909.xml	obj	G_OGAPODRAFT_15387	optimal	1.116836
iUL909.xml	obj	G_OGAPODRAFT_15396	optimal	0.19181
iUL909.xml	obj	G_OGAPODRAFT_15413	optimal	1.116836
iUL909.xml	obj	G_OGAPODRAFT_15427	optimal	0.0
iUL909.xml	obj	G_OGAPODRAFT_15430	optimal	1.116836
iUL909.xml	obj	G_OGAPODRAFT_15448	optimal	1.116836
iUL909.xml	obj	G_OGAPODRAFT_15453	optimal	1.112498
iUL909.xml	obj	G_OGAPODRAFT_15454	optimal	1.116836
iUL909.xml	obj	G_OGAPODRAFT_15456	optimal	1.116836
iUL909.xml	obj	G_OGAPODRAFT_15457	optimal	1.116836
iUL909.xml	obj	G_OGAPODRAFT_15468	optimal	0.0
iUL909.xml	obj	G_OGAPODRAFT_15471	optimal	1.108485
iUL909.xml	obj	G_OGAPODRAFT_15472	optimal	1.116836
iUL909.xml	obj	G_OGAPODRAFT_15480	optimal	1.116836
iUL909.xml	obj	G_OGAPODRAFT_15495	optimal	1.116836
iUL909.xml	obj	G_OGAPODRAFT_15502	optimal	1.116836
iUL909.xml	obj	G_OGAPODRAFT_15513	optimal	1.116836
iUL909.xml	obj	G_OGAPODRAFT_15514	optimal	1.116836
iUL909.xml	obj	G_OGAPODRAFT_15517	optimal	1.089528
iUL909.xml	obj	G_OGAPODRAFT_15529	optimal	0.0
iUL909.xml	obj	G_OGAPODRAFT_15531	optimal	1.116836
iUL909.xml	obj	G_OGAPODRAFT_15533	optimal	1.116836
iUL909.xml	obj	G_OGAPODRAFT_15536	optimal	1.116836
iUL909.xml	obj	G_OGAPODRAFT_15538	optimal	1.116836
iUL909.xml	obj	G_OGAPODRAFT_15544	optimal	1.116836
iUL909.xml	obj	G_OGAPODRAFT_15549	optimal	0.0
iUL909.xml	obj	G_OGAPODRAFT_15555	optimal	1.116836
iUL909.xml	obj	G_OGAPODRAFT_15567	optimal	1.115529
iUL909.xml	obj	G_OGAPODRAFT_15568	optimal	1.116836
iUL909.xml	obj	G_OGAPODRAFT_15583	optimal	0.805031
iUL909.xml	obj	G_OGAPODRAFT_15589	optimal	1.116836
iUL909.xml	obj	G_OGAPODRAFT_15592	optimal	1.116836
iUL909.xml	obj	G_OGAPODRAFT_15598	optimal	0.0
iUL909.xml	obj	G_OGAPODRAFT_15607	optimal	0.805031
iUL909.xml	obj	G_OGAPODRAFT_15610	optimal	1.116836
iUL909.xml	obj	G_OGAPODRAFT_15611	optimal	1.116836
iUL909.xml	obj	G_OGAPODRAFT_15618	optimal	0.0
iUL909.xml	obj	G_OGAPODRAFT_15624	optimal	1.116836
iUL909.xml	obj	G_OGAPODRAFT_15634	optimal	1.116836
iUL909.xml	obj	G_OGAPODRAFT_15635	optimal	1.116836
iUL909.xml	obj	G_OGAPODRAFT_15639	optimal	0.0
iUL909.xml	obj	G_OGAPODRAFT_15646	optimal	1.116836
iUL909.xml	obj	G_OGAPODRAFT_15662	optimal	1.116836
iUL909.xml	obj	G_OGAPODRAFT_15664	optimal	1.116836
iUL909.xml	obj	G_OGAPODRAFT_15665	optimal	0.0
iUL909.xml	obj	G_OGAPODRAFT_15670	optimal	0.0
iUL909.xml	obj	G_OGAPODRAFT_15675	optimal	1.116836
iUL909.xml	obj	G_OGAPODRAFT_15686	optimal	0.0
iUL909.xml	obj	G_OGAPODRAFT_15687	optimal	1.116836
iUL909.xml	obj	G_OGAPODRAFT_15693	optimal	0.0
iUL909.xml	obj	G_OGAPODRAFT_15696	optimal	1.116836
iUL909.xml	obj	G_OGAPODRAFT_15704	optimal	0.0
iUL909.xml	obj	G_OGAPODRAFT_15710	optimal	1.116836
iUL909.xml	obj	G_OGAPODRAFT_15714	optimal	0.0
iUL909.xml	obj	G_OGAPODRAFT_15722	optimal	1.058259
iUL909.xml	obj	G_OGAPODRAFT_15724	optimal	1.116836
iUL909.xml	obj	G_OGAPODRAFT_15725	optimal	1.076789
iUL909.xml	obj	G_OGAPODRAFT_15739	optimal	1.116836
iUL909.xml	obj	G_OGAPODRAFT_15745	optimal	0.0
iUL909.xml	obj	G_OGAPODRAFT_15747	optimal	0.0
iUL909.xml	obj	G_OGAPODRAFT_15751	optimal	1.116836
iUL909.xml	obj	G_OGAPODRAFT_15752	optimal	1.116836
iUL909.xml	obj	G_OGAPODRAFT_15772	optimal	1.116836
iUL909.xml	obj	G_OGAPODRAFT_15775	optimal	1.116836
iUL909.xml	obj	G_OGAPODRAFT_15783	optimal	1.116836
iUL909.xml	obj	G_OGAPODRAFT_15785	optimal	1.108485
iUL909.xml	obj	G_OGAPODRAFT_15786	optimal	1.116836
iUL909.xml	obj	G_OGAPODRAFT_15788	optimal	1.116836
iUL909.xml	obj	G_OGAPODRAFT_15790	optimal	0.0
iUL909.xml	obj	G_OGAPODRAFT_15791	optimal	0.0
iUL909.xml	obj	G_OGAPODRAFT_15795	optimal	1.116836
iUL909.xml	obj	G_OGAPODRAFT_15812	optimal	1.116836
iUL909.xml	obj	G_OGAPODRAFT_15815	optimal	1.116836
iUL909.xml	obj	G_OGAPODRAFT_15831	optimal	1.116836
iUL909.xml	obj	G_OGAPODRAFT_15832	optimal	1.116836
iUL909.xml	obj	G_OGAPODRAFT_15833	optimal	1.116826
iUL909.xml	obj	G_OGAPODRAFT_15842	optimal	1.116836
iUL909.xml	obj	G_OGAPODRAFT_15850	optimal	0.0
iUL909.xml	obj	G_OGAPODRAFT_15858	optimal	1.116836
iUL909.xml	obj	G_OGAPODRAFT_15860	optimal	1.116836
iUL909.xml	obj	G_OGAPODRAFT_15872	optimal	0.336832
iUL909.xml	obj	G_OGAPODRAFT_15878	optimal	0.0
iUL909.xml	obj	G_OGAPODRAFT_15880	optimal	0.336832
iUL909.xml	obj	G_OGAPODRAFT_15884	optimal	1.100536
iUL909.xml	obj	G_OGAPODRAFT_15927	optimal	1.116836
iUL909.xml	obj	G_OGAPODRAFT_15936	optimal	1.116836
iUL909.xml	obj	G_OGAPODRAFT_15944	optimal	1.116836
iUL909.xml	obj	G_OGAPODRAFT_15951	optimal	0.0
iUL909.xml	obj	G_OGAPODRAFT_15957	optimal	1.116836
iUL909.xml	obj	G_OGAPODRAFT_15963	optimal	1.116836
iUL909.xml	obj	G_OGAPODRAFT_15965	optimal	1.116836
iUL909.xml	obj	G_OGAPODRAFT_15968	optimal	1.116836
iUL909.xml	obj	G_OGAPODRAFT_15969	optimal	1.116836
iUL909.xml	obj	G_OGAPODRAFT_15971	optimal	1.116836
iUL909.xml	obj	G_OGAPODRAFT_15977	optimal	1.116836
iUL909.xml	obj	G_OGAPODRAFT_15984	optimal	0.0
iUL909.xml	obj	G_OGAPODRAFT_15991	optimal	1.116836
iUL909.xml	obj	G_OGAPODRAFT_15994	optimal	0.0
iUL909.xml	obj	G_OGAPODRAFT_16006	optimal	1.116836
iUL909.xml	obj	G_OGAPODRAFT_16028	optimal	1.116836
iUL909.xml	obj	G_OGAPODRAFT_16032	optimal	1.116836
iUL909.xml	obj	G_OGAPODRAFT_16034	optimal	1.116836
iUL909.xml	obj	G_OGAPODRAFT_16045	optimal	1.115749
iUL909.xml	obj	G_OGAPODRAFT_16047	optimal	0.336832
iUL909.xml	obj	G_OGAPODRAFT_16052	optimal	0.0
iUL909.xml	obj	G_OGAPODRAFT_16058	optimal	1.064239
iUL909.xml	obj	G_OGAPODRAFT_16072	optimal	1.116836
iUL909.xml	obj	G_OGAPODRAFT_16079	optimal	1.116836
iUL909.xml	obj	G_OGAPODRAFT_16084	optimal	0.970034
iUL909.xml	obj	G_OGAPODRAFT_16095	optimal	1.116836
iUL909.xml	obj	G_OGAPODRAFT_16103	optimal	1.11661
iUL909.xml	obj	G_OGAPODRAFT_16110	optimal	0.970034
iUL909.xml	obj	G_OGAPODRAFT_16126	optimal	1.116836
iUL909.xml	obj	G_OGAPODRAFT_16127	optimal	1.116836
iUL909.xml	obj	G_OGAPODRAFT_16153	optimal	1.116836
iUL909.xml	obj	G_OGAPODRAFT_16166	optimal	1.116836
iUL909.xml	obj	G_OGAPODRAFT_16173	optimal	1.116836
iUL909.xml	obj	G_OGAPODRAFT_16175	optimal	1.116836
iUL909.xml	obj	G_OGAPODRAFT_16176	optimal	1.116836
iUL909.xml	obj	G_OGAPODRAFT_16181	optimal	1.116836
iUL909.xml	obj	G_OGAPODRAFT_16184	optimal	0.0
iUL909.xml	obj	G_OGAPODRAFT_16185	optimal	0.0
iUL909.xml	obj	G_OGAPODRAFT_16189	optimal	0.970034
iUL909.xml	obj	G_OGAPODRAFT_16197	optimal	1.116836
iUL909.xml	obj	G_OGAPODRAFT_16198	optimal	1.116836
iUL909.xml	obj	G_OGAPODRAFT_16205	optimal	1.116836
iUL909.xml	obj	G_OGAPODRAFT_16207	optimal	1.116836
iUL909.xml	obj	G_OGAPODRAFT_16221	optimal	1.116836
iUL909.xml	obj	G_OGAPODRAFT_16239	optimal	1.116836
iUL909.xml	obj	G_OGAPODRAFT_16241	optimal	0.0
iUL909.xml	obj	G_OGAPODRAFT_16247	optimal	1.116836
iUL909.xml	obj	G_OGAPODRAFT_16253	optimal	1.116836
iUL909.xml	obj	G_OGAPODRAFT_16261	optimal	1.116777
iUL909.xml	obj	G_OGAPODRAFT_16270	optimal	1.116836
iUL909.xml	obj	G_OGAPODRAFT_16276	optimal	1.116836
iUL909.xml	obj	G_OGAPODRAFT_16280	optimal	0.804541
iUL909.xml	obj	G_OGAPODRAFT_16287	optimal	1.116836
iUL909.xml	obj	G_OGAPODRAFT_16289	optimal	0.0
iUL909.xml	obj	G_OGAPODRAFT_16302	optimal	0.970034
iUL909.xml	obj	G_OGAPODRAFT_16303	optimal	1.116836
iUL909.xml	obj	G_OGAPODRAFT_16304	optimal	1.116836
iUL909.xml	obj	G_OGAPODRAFT_16310	optimal	1.116836
iUL909.xml	obj	G_OGAPODRAFT_16312	optimal	1.116836
iUL909.xml	obj	G_OGAPODRAFT_16316	optimal	0.0
iUL909.xml	obj	G_OGAPODRAFT_16318	optimal	1.116836
iUL909.xml	obj	G_OGAPODRAFT_16324	optimal	1.116836
iUL909.xml	obj	G_OGAPODRAFT_16332	optimal	0.0
iUL909.xml	obj	G_OGAPODRAFT_16355	optimal	1.116836
iUL909.xml	obj	G_OGAPODRAFT_16362	optimal	0.0
iUL909.xml	obj	G_OGAPODRAFT_16373	optimal	1.116836
iUL909.xml	obj	G_OGAPODRAFT_16385	optimal	1.116836
iUL909.xml	obj	G_OGAPODRAFT_16393	optimal	1.116836
iUL909.xml	obj	G_OGAPODRAFT_16399	optimal	1.115969
iUL909.xml	obj	G_OGAPODRAFT_16407	optimal	1.116836
iUL909.xml	obj	G_OGAPODRAFT_16409	optimal	0.0
iUL909.xml	obj	G_OGAPODRAFT_16414	optimal	0.0
iUL909.xml	obj	G_OGAPODRAFT_16417	optimal	0.970034
iUL909.xml	obj	G_OGAPODRAFT_16434	optimal	1.116836
iUL909.xml	obj	G_OGAPODRAFT_16444	optimal	1.116836
iUL909.xml	obj	G_OGAPODRAFT_16445	optimal	0.0
iUL909.xml	obj	G_OGAPODRAFT_16447	optimal	1.116836
iUL909.xml	obj	G_OGAPODRAFT_16458	optimal	0.0
iUL909.xml	obj	G_OGAPODRAFT_16472	optimal	1.116836
iUL909.xml	obj	G_OGAPODRAFT_16476	optimal	1.116836
iUL909.xml	obj	G_OGAPODRAFT_16477	optimal	1.116836
iUL909.xml	obj	G_OGAPODRAFT_16482	optimal	1.116836
iUL909.xml	obj	G_OGAPODRAFT_16486	optimal	1.116836
iUL909.xml	obj	G_OGAPODRAFT_16487	optimal	1.116836
iUL909.xml	obj	G_OGAPODRAFT_16490	optimal	1.116836
iUL909.xml	obj	G_OGAPODRAFT_16492	optimal	0.0
iUL909.xml	obj	G_OGAPODRAFT_16497	optimal	0.0
iUL909.xml	obj	G_OGAPODRAFT_16498	optimal	1.116836
iUL909.xml	obj	G_OGAPODRAFT_16504	optimal	1.116836
iUL909.xml	obj	G_OGAPODRAFT_16505	optimal	1.116836
iUL909.xml	obj	G_OGAPODRAFT_16510	optimal	0.0
iUL909.xml	obj	G_OGAPODRAFT_16512	optimal	1.116836
iUL909.xml	obj	G_OGAPODRAFT_16518	optimal	1.116836
iUL909.xml	obj	G_OGAPODRAFT_16528	optimal	1.116836
iUL909.xml	obj	G_OGAPODRAFT_16529	optimal	1.116836
iUL909.xml	obj	G_OGAPODRAFT_16530	optimal	1.116836
iUL909.xml	obj	G_OGAPODRAFT_16531	optimal	0.0
iUL909.xml	obj	G_OGAPODRAFT_16536	optimal	1.116836
iUL909.xml	obj	G_OGAPODRAFT_16537	optimal	1.116836
iUL909.xml	obj	G_OGAPODRAFT_16538	optimal	0.805031
iUL909.xml	obj	G_OGAPODRAFT_16553	optimal	1.116836
iUL909.xml	obj	G_OGAPODRAFT_16559	optimal	0.0
iUL909.xml	obj	G_OGAPODRAFT_16560	optimal	0.0
iUL909.xml	obj	G_OGAPODRAFT_16566	optimal	1.116797
iUL909.xml	obj	G_OGAPODRAFT_16567	optimal	1.116836
iUL909.xml	obj	G_OGAPODRAFT_16570	optimal	0.0
iUL909.xml	obj	G_OGAPODRAFT_16571	optimal	0.0
iUL909.xml	obj	G_OGAPODRAFT_16581	optimal	1.116836
iUL909.xml	obj	G_OGAPODRAFT_16585	optimal	1.116836
iUL909.xml	obj	G_OGAPODRAFT_16599	optimal	1.116836
iUL909.xml	obj	G_OGAPODRAFT_16607	optimal	0.0
iUL909.xml	obj	G_OGAPODRAFT_16609	optimal	0.0
iUL909.xml	obj	G_OGAPODRAFT_16610	optimal	0.0
iUL909.xml	obj	G_OGAPODRAFT_16612	optimal	1.116836
iUL909.xml	obj	G_OGAPODRAFT_16629	optimal	1.116836
iUL909.xml	obj	G_OGAPODRAFT_16630	optimal	1.116836
iUL909.xml	obj	G_OGAPODRAFT_16634	optimal	1.112906
iUL909.xml	obj	G_OGAPODRAFT_16642	optimal	1.116836
iUL909.xml	obj	G_OGAPODRAFT_16660	optimal	1.116836
iUL909.xml	obj	G_OGAPODRAFT_16663	optimal	1.116836
iUL909.xml	obj	G_OGAPODRAFT_16672	optimal	1.116836
iUL909.xml	obj	G_OGAPODRAFT_16692	optimal	1.116836
iUL909.xml	obj	G_OGAPODRAFT_16697	optimal	0.0
iUL909.xml	obj	G_OGAPODRAFT_16710	optimal	1.116836
iUL909.xml	obj	G_OGAPODRAFT_16711	optimal	1.116836
iUL909.xml	obj	G_OGAPODRAFT_16716	optimal	1.116836
iUL909.xml	obj	G_OGAPODRAFT_16722	optimal	0.0
iUL909.xml	obj	G_OGAPODRAFT_16723	optimal	1.116836
iUL909.xml	obj	G_OGAPODRAFT_16731	optimal	1.116836
iUL909.xml	obj	G_OGAPODRAFT_16732	optimal	1.116836
iUL909.xml	obj	G_OGAPODRAFT_16733	optimal	1.116836
iUL909.xml	obj	G_OGAPODRAFT_16736	optimal	1.116836
iUL909.xml	obj	G_OGAPODRAFT_16737	optimal	1.116836
iUL909.xml	obj	G_OGAPODRAFT_16745	optimal	1.116836
iUL909.xml	obj	G_OGAPODRAFT_16748	optimal	0.150443
iUL909.xml	obj	G_OGAPODRAFT_16749	optimal	1.116836
iUL909.xml	obj	G_OGAPODRAFT_16753	optimal	1.116836
iUL909.xml	obj	G_OGAPODRAFT_16755	optimal	1.116836
iUL909.xml	obj	G_OGAPODRAFT_16761	optimal	1.116836
iUL909.xml	obj	G_OGAPODRAFT_16764	optimal	1.116836
iUL909.xml	obj	G_OGAPODRAFT_16776	optimal	1.116836
iUL909.xml	obj	G_OGAPODRAFT_16781	optimal	1.116836
iUL909.xml	obj	G_OGAPODRAFT_16782	optimal	1.116836
iUL909.xml	obj	G_OGAPODRAFT_16797	optimal	1.116836
iUL909.xml	obj	G_OGAPODRAFT_16799	optimal	1.116836
iUL909.xml	obj	G_OGAPODRAFT_16818	optimal	1.116836
iUL909.xml	obj	G_OGAPODRAFT_16822	optimal	0.0
iUL909.xml	obj	G_OGAPODRAFT_16837	optimal	1.116836
iUL909.xml	obj	G_OGAPODRAFT_16862	optimal	1.116836
iUL909.xml	obj	G_OGAPODRAFT_16889	optimal	1.116836
iUL909.xml	obj	G_OGAPODRAFT_16899	optimal	1.116836
iUL909.xml	obj	G_OGAPODRAFT_16907	optimal	1.116836
iUL909.xml	obj	G_OGAPODRAFT_16911	optimal	1.116836
iUL909.xml	obj	G_OGAPODRAFT_16923	optimal	1.116836
iUL909.xml	obj	G_OGAPODRAFT_16932	optimal	0.336832
iUL909.xml	obj	G_OGAPODRAFT_16943	optimal	0.0
iUL909.xml	obj	G_OGAPODRAFT_16957	optimal	1.088415
iUL909.xml	obj	G_OGAPODRAFT_16968	optimal	1.116836
iUL909.xml	obj	G_OGAPODRAFT_16971	optimal	0.0
iUL909.xml	obj	G_OGAPODRAFT_16973	optimal	1.116836
iUL909.xml	obj	G_OGAPODRAFT_16979	optimal	1.116836
iUL909.xml	obj	G_OGAPODRAFT_16983	optimal	1.116836
iUL909.xml	obj	G_OGAPODRAFT_16992	optimal	1.058259
iUL909.xml	obj	G_OGAPODRAFT_16996	optimal	1.116836
iUL909.xml	obj	G_OGAPODRAFT_17000	optimal	1.116836
iUL909.xml	obj	G_OGAPODRAFT_17001	optimal	1.116836
iUL909.xml	obj	G_OGAPODRAFT_17022	optimal	0.0
iUL909.xml	obj	G_OGAPODRAFT_17032	optimal	1.116836
iUL909.xml	obj	G_OGAPODRAFT_17033	optimal	1.116836
iUL909.xml	obj	G_OGAPODRAFT_17038	optimal	1.116836
iUL909.xml	obj	G_OGAPODRAFT_17048	optimal	1.116836
iUL909.xml	obj	G_OGAPODRAFT_17052	optimal	1.116836
iUL909.xml	obj	G_OGAPODRAFT_17054	optimal	0.0
iUL909.xml	obj	G_OGAPODRAFT_17060	optimal	1.112498
iUL909.xml	obj	G_OGAPODRAFT_17070	optimal	1.116836
iUL909.xml	obj	G_OGAPODRAFT_17076	optimal	1.116836
iUL909.xml	obj	G_OGAPODRAFT_17086	optimal	1.116836
iUL909.xml	obj	G_OGAPODRAFT_17090	optimal	1.116836
iUL909.xml	obj	G_OGAPODRAFT_17093	optimal	1.116836
iUL909.xml	obj	G_OGAPODRAFT_17095	optimal	1.116836
iUL909.xml	obj	G_OGAPODRAFT_17098	optimal	1.116836
iUL909.xml	obj	G_OGAPODRAFT_17101	optimal	1.116836
iUL909.xml	obj	G_OGAPODRAFT_17110	optimal	1.116836
iUL909.xml	obj	G_OGAPODRAFT_17124	optimal	1.116836
iUL909.xml	obj	G_OGAPODRAFT_17125	optimal	1.116836
iUL909.xml	obj	G_OGAPODRAFT_17141	optimal	1.116836
iUL909.xml	obj	G_OGAPODRAFT_17147	optimal	0.0
iUL909.xml	obj	G_OGAPODRAFT_17164	optimal	1.116836
iUL909.xml	obj	G_OGAPODRAFT_17183	optimal	1.094685
iUL909.xml	obj	G_OGAPODRAFT_17196	optimal	1.116836
iUL909.xml	obj	G_OGAPODRAFT_17209	optimal	1.116836
iUL909.xml	obj	G_OGAPODRAFT_17214	optimal	1.116836
iUL909.xml	obj	G_OGAPODRAFT_17222	optimal	0.0
iUL909.xml	obj	G_OGAPODRAFT_17232	optimal	1.116836
iUL909.xml	obj	G_OGAPODRAFT_17249	optimal	1.116836
iUL909.xml	obj	G_OGAPODRAFT_17254	optimal	1.116836
iUL909.xml	obj	G_OGAPODRAFT_17255	optimal	0.0
iUL909.xml	obj	G_OGAPODRAFT_17263	optimal	0.0
iUL909.xml	obj	G_OGAPODRAFT_17282	optimal	1.116836
iUL909.xml	obj	G_OGAPODRAFT_17300	optimal	1.116836
iUL909.xml	obj	G_OGAPODRAFT_17305	optimal	1.116836
iUL909.xml	obj	G_OGAPODRAFT_17330	optimal	0.192352
iUL909.xml	obj	G_OGAPODRAFT_17349	optimal	1.116836
iUL909.xml	obj	G_OGAPODRAFT_17351	optimal	1.116836
iUL909.xml	obj	G_OGAPODRAFT_17354	optimal	0.0
iUL909.xml	obj	G_OGAPODRAFT_17358	optimal	0.804541
iUL909.xml	obj	G_OGAPODRAFT_17359	optimal	1.116836
iUL909.xml	obj	G_OGAPODRAFT_17363	optimal	0.0
iUL909.xml	obj	G_OGAPODRAFT_17371	optimal	1.116836
iUL909.xml	obj	G_OGAPODRAFT_17375	optimal	1.116836
iUL909.xml	obj	G_OGAPODRAFT_17379	optimal	0.0
iUL909.xml	obj	G_OGAPODRAFT_17380	optimal	1.116836
iUL909.xml	obj	G_OGAPODRAFT_17393	optimal	1.116836
iUL909.xml	obj	G_OGAPODRAFT_17416	optimal	1.116836
iUL909.xml	obj	G_OGAPODRAFT_17420	optimal	1.116836
iUL909.xml	obj	G_OGAPODRAFT_17421	optimal	1.116836
iUL909.xml	obj	G_OGAPODRAFT_17423	optimal	1.116836
iUL909.xml	obj	G_OGAPODRAFT_17427	optimal	1.116836
iUL909.xml	obj	G_OGAPODRAFT_17429	optimal	0.0
iUL909.xml	obj	G_OGAPODRAFT_17433	optimal	1.116836
iUL909.xml	obj	G_OGAPODRAFT_17443	optimal	1.116836
iUL909.xml	obj	G_OGAPODRAFT_17449	optimal	1.116836
iUL909.xml	obj	G_OGAPODRAFT_17455	optimal	1.104407
iUL909.xml	obj	G_OGAPODRAFT_17472	optimal	0.0
iUL909.xml	obj	G_OGAPODRAFT_17474	optimal	1.116836
iUL909.xml	obj	G_OGAPODRAFT_17475	optimal	1.112278
iUL909.xml	obj	G_OGAPODRAFT_17478	optimal	1.116836
iUL909.xml	obj	G_OGAPODRAFT_17481	optimal	1.116836
iUL909.xml	obj	G_OGAPODRAFT_17490	optimal	1.116836
iUL909.xml	obj	G_OGAPODRAFT_17502	optimal	1.116836
iUL909.xml	obj	G_OGAPODRAFT_17504	optimal	1.116836
iUL909.xml	obj	G_OGAPODRAFT_17508	optimal	1.116836
iUL909.xml	obj	G_OGAPODRAFT_17519	optimal	1.116836
iUL909.xml	obj	G_OGAPODRAFT_17521	optimal	1.116836
iUL909.xml	obj	G_OGAPODRAFT_17532	optimal	0.0
iUL909.xml	obj	G_OGAPODRAFT_17539	optimal	1.116836
iUL909.xml	obj	G_OGAPODRAFT_17542	optimal	1.116836
iUL909.xml	obj	G_OGAPODRAFT_17549	optimal	1.116836
iUL909.xml	obj	G_OGAPODRAFT_17558	optimal	1.116836
iUL909.xml	obj	G_OGAPODRAFT_17575	optimal	1.116836
iUL909.xml	obj	G_OGAPODRAFT_17579	optimal	1.116836
iUL909.xml	obj	G_OGAPODRAFT_22591	optimal	1.116836
iUL909.xml	obj	G_OGAPODRAFT_22750	optimal	1.116836
iUL909.xml	obj	G_OGAPODRAFT_22788	optimal	1.116836
iUL909.xml	obj	G_OGAPODRAFT_22860	optimal	1.116836
iUL909.xml	obj	G_OGAPODRAFT_23093	optimal	1.116836
iUL909.xml	obj	G_OGAPODRAFT_23094	optimal	0.805031
iUL909.xml	obj	G_OGAPODRAFT_23179	optimal	0.970034
iUL909.xml	obj	G_OGAPODRAFT_23286	optimal	0.0
iUL909.xml	obj	G_OGAPODRAFT_23423	optimal	1.116836
iUL909.xml	obj	G_OGAPODRAFT_23796	optimal	1.116836
iUL909.xml	obj	G_OGAPODRAFT_23810	optimal	1.116836
iUL909.xml	obj	G_OGAPODRAFT_23954	optimal	0.0
iUL909.xml	obj	G_OGAPODRAFT_24225	optimal	0.0
iUL909.xml	obj	G_OGAPODRAFT_24356	optimal	0.970034
iUL909.xml	obj	G_OGAPODRAFT_24602	optimal	1.116836
iUL909.xml	obj	G_OGAPODRAFT_24623	optimal	1.116836
iUL909.xml	obj	G_OGAPODRAFT_24938	optimal	1.116836
iUL909.xml	obj	G_OGAPODRAFT_24994	optimal	1.116836
iUL909.xml	obj	G_OGAPODRAFT_24996	optimal	1.116836
iUL909.xml	obj	G_OGAPODRAFT_25163	optimal	1.116836
iUL909.xml	obj	G_OGAPODRAFT_25166	optimal	0.0
iUL909.xml	obj	G_OGAPODRAFT_25299	optimal	1.116836
iUL909.xml	obj	G_OGAPODRAFT_25304	optimal	0.805031
iUL909.xml	obj	G_OGAPODRAFT_25347	optimal	1.073405
iUL909.xml	obj	G_OGAPODRAFT_25578	optimal	0.805031
iUL909.xml	obj	G_OGAPODRAFT_25583	optimal	0.0
iUL909.xml	obj	G_OGAPODRAFT_38129	optimal	1.116836
iUL909.xml	obj	G_OGAPODRAFT_38221	optimal	1.116836
iUL909.xml	obj	G_OGAPODRAFT_38767	optimal	0.0
iUL909.xml	obj	G_OGAPODRAFT_38952	optimal	1.116836
iUL909.xml	obj	G_OGAPODRAFT_39142	optimal	1.116836
iUL909.xml	obj	G_OGAPODRAFT_40325	optimal	0.0
iUL909.xml	obj	G_OGAPODRAFT_40331	optimal	1.116836
iUL909.xml	obj	G_OGAPODRAFT_40930	optimal	1.116836
iUL909.xml	obj	G_OGAPODRAFT_41426	optimal	1.116836
iUL909.xml	obj	G_OGAPODRAFT_41784	optimal	1.116836
iUL909.xml	obj	G_OGAPODRAFT_42796	optimal	1.116836
iUL909.xml	obj	G_OGAPODRAFT_43491	optimal	1.116836
iUL909.xml	obj	G_OGAPODRAFT_43664	optimal	1.116836
iUL909.xml	obj	G_OGAPODRAFT_44328	optimal	1.116836
iUL909.xml	obj	G_OGAPODRAFT_44689	optimal	1.116836
iUL909.xml	obj	G_OGAPODRAFT_44799	optimal	0.0
iUL909.xml	obj	G_OGAPODRAFT_44849	optimal	1.097031
iUL909.xml	obj	G_OGAPODRAFT_44972	optimal	1.116836
iUL909.xml	obj	G_OGAPODRAFT_45305	optimal	1.116836
iUL909.xml	obj	G_OGAPODRAFT_45471	optimal	0.336832
iUL909.xml	obj	G_OGAPODRAFT_45710	optimal	0.0
iUL909.xml	obj	G_OGAPODRAFT_45822	optimal	1.116836
iUL909.xml	obj	G_OGAPODRAFT_46610	optimal	1.116836
iUL909.xml	obj	G_OGAPODRAFT_46930	optimal	1.116836
iUL909.xml	obj	G_OGAPODRAFT_47120	optimal	1.116836
iUL909.xml	obj	G_OGAPODRAFT_47169	optimal	0.0
iUL909.xml	obj	G_OGAPODRAFT_47173	optimal	1.116836
iUL909.xml	obj	G_OGAPODRAFT_47736	optimal	1.116836
iUL909.xml	obj	G_OGAPODRAFT_48315	optimal	0.0
iUL909.xml	obj	G_OGAPODRAFT_48589	optimal	1.113769
iUL909.xml	obj	G_OGAPODRAFT_48849	optimal	1.111402
iUL909.xml	obj	G_OGAPODRAFT_48948	optimal	1.10679
iUL909.xml	obj	G_OGAPODRAFT_49058	optimal	1.116836
iUL909.xml	obj	G_OGAPODRAFT_49212	optimal	1.116836
iUL909.xml	obj	G_OGAPODRAFT_49303	optimal	1.116836
iUL909.xml	obj	G_OGAPODRAFT_49307	optimal	1.116836
iUL909.xml	obj	G_OGAPODRAFT_49322	optimal	1.116836
iUL909.xml	obj	G_OGAPODRAFT_49391	optimal	1.116836
iUL909.xml	obj	G_OGAPODRAFT_49434	optimal	1.116836
iUL909.xml	obj	G_OGAPODRAFT_49477	optimal	1.116836
iUL909.xml	obj	G_OGAPODRAFT_49985	optimal	0.0
iUL909.xml	obj	G_OGAPODRAFT_49994	optimal	1.116836
iUL909.xml	obj	G_OGAPODRAFT_50282	optimal	1.116836
iUL909.xml	obj	G_OGAPODRAFT_50451	optimal	1.116836
iUL909.xml	obj	G_OGAPODRAFT_50531	optimal	1.116836
iUL909.xml	obj	G_OGAPODRAFT_50636	optimal	1.116836
iUL909.xml	obj	G_OGAPODRAFT_50694	optimal	1.116836
iUL909.xml	obj	G_OGAPODRAFT_50808	optimal	1.116836
iUL909.xml	obj	G_OGAPODRAFT_50813	optimal	1.116836
iUL909.xml	obj	G_OGAPODRAFT_51028	optimal	1.116836
iUL909.xml	obj	G_OGAPODRAFT_51058	optimal	1.116836
iUL909.xml	obj	G_OGAPODRAFT_51063	optimal	1.116836
iUL909.xml	obj	G_OGAPODRAFT_51202	optimal	0.0
iUL909.xml	obj	G_OGAPODRAFT_51567	optimal	0.0
iUL909.xml	obj	G_OGAPODRAFT_51722	optimal	0.0
iUL909.xml	obj	G_OGAPODRAFT_51848	optimal	1.116836
iUL909.xml	obj	G_OGAPODRAFT_52470	optimal	0.804541
iUL909.xml	obj	G_OGAPODRAFT_52588	optimal	1.116836
iUL909.xml	obj	G_OGAPODRAFT_52668	optimal	1.112278
iUL909.xml	obj	G_OGAPODRAFT_52693	optimal	1.116836
iUL909.xml	obj	G_OGAPODRAFT_5832	optimal	1.116836
iUL909.xml	obj	G_OGAPODRAFT_5846	optimal	0.0
iUL909.xml	obj	G_OGAPODRAFT_6075	optimal	1.116836
iUL909.xml	obj	G_OGAPODRAFT_6084	optimal	0.970034
iUL909.xml	obj	G_OGAPODRAFT_6139	optimal	1.116836
iUL909.xml	obj	G_OGAPODRAFT_6244	optimal	1.116836
iUL909.xml	obj	G_OGAPODRAFT_6292	optimal	1.116836
iUL909.xml	obj	G_OGAPODRAFT_6412	optimal	1.016861
iUL909.xml	obj	G_OGAPODRAFT_6624	optimal	0.970034
iUL909.xml	obj	G_OGAPODRAFT_6718	optimal	1.116836
iUL909.xml	obj	G_OGAPODRAFT_6888	optimal	0.0
iUL909.xml	obj	G_OGAPODRAFT_7041	optimal	1.116836
iUL909.xml	obj	G_OGAPODRAFT_7070	optimal	0.336832
iUL909.xml	obj	G_OGAPODRAFT_7162	optimal	1.116836
iUL909.xml	obj	G_OGAPODRAFT_74411	optimal	0.0
iUL909.xml	obj	G_OGAPODRAFT_74426	optimal	0.0
iUL909.xml	obj	G_OGAPODRAFT_74431	optimal	1.116836
iUL909.xml	obj	G_OGAPODRAFT_74482	optimal	1.116836
iUL909.xml	obj	G_OGAPODRAFT_74573	optimal	0.0
iUL909.xml	obj	G_OGAPODRAFT_74631	optimal	1.116836
iUL909.xml	obj	G_OGAPODRAFT_74645	optimal	1.116836
iUL909.xml	obj	G_OGAPODRAFT_74751	optimal	1.116836
iUL909.xml	obj	G_OGAPODRAFT_74884	optimal	1.116836
iUL909.xml	obj	G_OGAPODRAFT_74996	optimal	1.116621
iUL909.xml	obj	G_OGAPODRAFT_75001	optimal	1.116836
iUL909.xml	obj	G_OGAPODRAFT_75067	optimal	1.116836
iUL909.xml	obj	G_OGAPODRAFT_75091	optimal	1.116836
iUL909.xml	obj	G_OGAPODRAFT_7518	optimal	0.0
iUL909.xml	obj	G_OGAPODRAFT_75230	optimal	1.116836
iUL909.xml	obj	G_OGAPODRAFT_75269	optimal	0.0
iUL909.xml	obj	G_OGAPODRAFT_75314	optimal	1.116836
iUL909.xml	obj	G_OGAPODRAFT_75355	optimal	1.116836
iUL909.xml	obj	G_OGAPODRAFT_75409	optimal	0.0
iUL909.xml	obj	G_OGAPODRAFT_75412	optimal	1.116836
iUL909.xml	obj	G_OGAPODRAFT_75480	optimal	1.116836
iUL909.xml	obj	G_OGAPODRAFT_75503	optimal	1.116836
iUL909.xml	obj	G_OGAPODRAFT_75596	optimal	1.116836
iUL909.xml	obj	G_OGAPODRAFT_75699	optimal	1.116836
iUL909.xml	obj	G_OGAPODRAFT_75778	optimal	1.116836
iUL909.xml	obj	G_OGAPODRAFT_75794	optimal	1.116836
iUL909.xml	obj	G_OGAPODRAFT_75844	optimal	1.116836
iUL909.xml	obj	G_OGAPODRAFT_75847	optimal	1.116836
iUL909.xml	obj	G_OGAPODRAFT_75900	optimal	0.0
iUL909.xml	obj	G_OGAPODRAFT_75953	optimal	1.116836
iUL909.xml	obj	G_OGAPODRAFT_76042	optimal	1.116836
iUL909.xml	obj	G_OGAPODRAFT_76161	optimal	1.116836
iUL909.xml	obj	G_OGAPODRAFT_76258	optimal	0.0
iUL909.xml	obj	G_OGAPODRAFT_76277	optimal	1.116836
iUL909.xml	obj	G_OGAPODRAFT_7629	optimal	1.116836
iUL909.xml	obj	G_OGAPODRAFT_76390	optimal	1.116836
iUL909.xml	obj	G_OGAPODRAFT_76435	optimal	1.116836
iUL909.xml	obj	G_OGAPODRAFT_76440	optimal	1.116836
iUL909.xml	obj	G_OGAPODRAFT_76469	optimal	0.0
iUL909.xml	obj	G_OGAPODRAFT_76560	optimal	1.116836
iUL909.xml	obj	G_OGAPODRAFT_76713	optimal	1.116836
iUL909.xml	obj	G_OGAPODRAFT_7687	optimal	0.0
iUL909.xml	obj	G_OGAPODRAFT_76918	optimal	1.116836
iUL909.xml	obj	G_OGAPODRAFT_76934	optimal	1.116836
iUL909.xml	obj	G_OGAPODRAFT_76992	optimal	0.0
iUL909.xml	obj	G_OGAPODRAFT_77158	optimal	1.116836
iUL909.xml	obj	G_OGAPODRAFT_7720	optimal	1.116836
iUL909.xml	obj	G_OGAPODRAFT_77236	optimal	1.116836
iUL909.xml	obj	G_OGAPODRAFT_77308	optimal	1.116836
iUL909.xml	obj	G_OGAPODRAFT_77322	optimal	1.116836
iUL909.xml	obj	G_OGAPODRAFT_77330	optimal	0.970034
iUL909.xml	obj	G_OGAPODRAFT_77416	optimal	1.116836
iUL909.xml	obj	G_OGAPODRAFT_77703	optimal	0.970034
iUL909.xml	obj	G_OGAPODRAFT_77738	optimal	1.116836
iUL909.xml	obj	G_OGAPODRAFT_77840	optimal	0.0
iUL909.xml	obj	G_OGAPODRAFT_77844	optimal	0.970034
iUL909.xml	obj	G_OGAPODRAFT_77849	optimal	0.0
iUL909.xml	obj	G_OGAPODRAFT_7791	optimal	1.116836
iUL909.xml	obj	G_OGAPODRAFT_77938	optimal	1.116836
iUL909.xml	obj	G_OGAPODRAFT_77970	optimal	1.116836
iUL909.xml	obj	G_OGAPODRAFT_78012	optimal	0.0
iUL909.xml	obj	G_OGAPODRAFT_78083	optimal	1.116836
iUL909.xml	obj	G_OGAPODRAFT_78092	optimal	0.970034
iUL909.xml	obj	G_OGAPODRAFT_78218	optimal	1.116836
iUL909.xml	obj	G_OGAPODRAFT_78289	optimal	0.0
iUL909.xml	obj	G_OGAPODRAFT_78322	optimal	1.116836
iUL909.xml	obj	G_OGAPODRAFT_80848	optimal	0.0
iUL909.xml	obj	G_OGAPODRAFT_80878	optimal	0.0
iUL909.xml	obj	G_OGAPODRAFT_80896	optimal	1.116836
iUL909.xml	obj	G_OGAPODRAFT_80959	optimal	1.116836
iUL909.xml	obj	G_OGAPODRAFT_80996	optimal	1.116836
iUL909.xml	obj	G_OGAPODRAFT_8102	optimal	0.805031
iUL909.xml	obj	G_OGAPODRAFT_81143	optimal	1.116836
iUL909.xml	obj	G_OGAPODRAFT_81191	optimal	1.116836
iUL909.xml	obj	G_OGAPODRAFT_81199	optimal	1.116836
iUL909.xml	obj	G_OGAPODRAFT_81232	optimal	0.0
iUL909.xml	obj	G_OGAPODRAFT_81304	optimal	1.116836
iUL909.xml	obj	G_OGAPODRAFT_81312	optimal	1.116836
iUL909.xml	obj	G_OGAPODRAFT_81353	optimal	0.0
iUL909.xml	obj	G_OGAPODRAFT_81366	optimal	1.116836
iUL909.xml	obj	G_OGAPODRAFT_81398	optimal	1.116836
iUL909.xml	obj	G_OGAPODRAFT_81446	optimal	1.116836
iUL909.xml	obj	G_OGAPODRAFT_81537	optimal	0.0
iUL909.xml	obj	G_OGAPODRAFT_81545	optimal	1.116836
iUL909.xml	obj	G_OGAPODRAFT_81583	optimal	1.116836
iUL909.xml	obj	G_OGAPODRAFT_81595	optimal	0.0
iUL909.xml	obj	G_OGAPODRAFT_81636	optimal	1.116836
iUL909.xml	obj	G_OGAPODRAFT_81702	optimal	1.116836
iUL909.xml	obj	G_OGAPODRAFT_8172	optimal	1.116836
iUL909.xml	obj	G_OGAPODRAFT_81781	optimal	1.116836
iUL909.xml	obj	G_OGAPODRAFT_81878	optimal	1.116836
iUL909.xml	obj	G_OGAPODRAFT_81917	optimal	1.116836
iUL909.xml	obj	G_OGAPODRAFT_8192	optimal	0.804541
iUL909.xml	obj	G_OGAPODRAFT_81921	optimal	1.116836
iUL909.xml	obj	G_OGAPODRAFT_81951	optimal	1.116836
iUL909.xml	obj	G_OGAPODRAFT_82074	optimal	1.116836
iUL909.xml	obj	G_OGAPODRAFT_82221	optimal	0.0
iUL909.xml	obj	G_OGAPODRAFT_82246	optimal	0.0
iUL909.xml	obj	G_OGAPODRAFT_82283	optimal	1.116836
iUL909.xml	obj	G_OGAPODRAFT_82307	optimal	1.116836
iUL909.xml	obj	G_OGAPODRAFT_82309	optimal	1.116836
iUL909.xml	obj	G_OGAPODRAFT_82333	optimal	1.116836
iUL909.xml	obj	G_OGAPODRAFT_82340	optimal	1.116836
iUL909.xml	obj	G_OGAPODRAFT_82442	optimal	1.116836
iUL909.xml	obj	G_OGAPODRAFT_82460	optimal	1.116836
iUL909.xml	obj	G_OGAPODRAFT_82677	optimal	1.116836
iUL909.xml	obj	G_OGAPODRAFT_82690	optimal	1.116836
iUL909.xml	obj	G_OGAPODRAFT_8272	optimal	1.116836
iUL909.xml	obj	G_OGAPODRAFT_82811	optimal	1.116836
iUL909.xml	obj	G_OGAPODRAFT_82845	optimal	0.0
iUL909.xml	obj	G_OGAPODRAFT_82848	optimal	1.116836
iUL909.xml	obj	G_OGAPODRAFT_8287	optimal	0.804541
iUL909.xml	obj	G_OGAPODRAFT_82877	optimal	1.116836
iUL909.xml	obj	G_OGAPODRAFT_82886	optimal	1.116836
iUL909.xml	obj	G_OGAPODRAFT_82913	optimal	1.116836
iUL909.xml	obj	G_OGAPODRAFT_82924	optimal	1.116836
iUL909.xml	obj	G_OGAPODRAFT_82947	optimal	1.116836
iUL909.xml	obj	G_OGAPODRAFT_82959	optimal	0.0
iUL909.xml	obj	G_OGAPODRAFT_82973	optimal	1.11679
iUL909.xml	obj	G_OGAPODRAFT_83150	optimal	1.116836
iUL909.xml	obj	G_OGAPODRAFT_83179	optimal	1.116836
iUL909.xml	obj	G_OGAPODRAFT_83235	optimal	1.116836
iUL909.xml	obj	G_OGAPODRAFT_83337	optimal	0.0
iUL909.xml	obj	G_OGAPODRAFT_83364	optimal	0.804541
iUL909.xml	obj	G_OGAPODRAFT_83418	optimal	1.116836
iUL909.xml	obj	G_OGAPODRAFT_83571	optimal	1.116836
iUL909.xml	obj	G_OGAPODRAFT_83574	optimal	1.116836
iUL909.xml	obj	G_OGAPODRAFT_83598	optimal	1.057899
iUL909.xml	obj	G_OGAPODRAFT_83668	optimal	1.116836
iUL909.xml	obj	G_OGAPODRAFT_83748	optimal	0.0
iUL909.xml	obj	G_OGAPODRAFT_83835	optimal	0.0
iUL909.xml	obj	G_OGAPODRAFT_83869	optimal	1.116836
iUL909.xml	obj	G_OGAPODRAFT_83988	optimal	1.116836
iUL909.xml	obj	G_OGAPODRAFT_83994	optimal	1.116836
iUL909.xml	obj	G_OGAPODRAFT_83997	optimal	1.116836
iUL909.xml	obj	G_OGAPODRAFT_84229	optimal	1.116836
iUL909.xml	obj	G_OGAPODRAFT_84264	optimal	0.0
iUL909.xml	obj	G_OGAPODRAFT_84558	optimal	1.116836
iUL909.xml	obj	G_OGAPODRAFT_84591	optimal	0.0
iUL909.xml	obj	G_OGAPODRAFT_84904	optimal	0.0
iUL909.xml	obj	G_OGAPODRAFT_8492	optimal	0.0
iUL909.xml	obj	G_OGAPODRAFT_85071	optimal	1.116836
iUL909.xml	obj	G_OGAPODRAFT_85162	optimal	0.0
iUL909.xml	obj	G_OGAPODRAFT_85180	optimal	1.116836
iUL909.xml	obj	G_OGAPODRAFT_85337	optimal	0.0
iUL909.xml	obj	G_OGAPODRAFT_85369	optimal	1.116836
iUL909.xml	obj	G_OGAPODRAFT_85460	optimal	1.116836
iUL909.xml	obj	G_OGAPODRAFT_86070	optimal	1.116836
iUL909.xml	obj	G_OGAPODRAFT_86266	optimal	1.116836
iUL909.xml	obj	G_OGAPODRAFT_86309	optimal	1.116836
iUL909.xml	obj	G_OGAPODRAFT_86341	optimal	1.116836
iUL909.xml	obj	G_OGAPODRAFT_86506	optimal	1.116836
iUL909.xml	obj	G_OGAPODRAFT_86546	optimal	1.116836
iUL909.xml	obj	G_OGAPODRAFT_86569	optimal	1.116836
iUL909.xml	obj	G_OGAPODRAFT_86856	optimal	1.116836
iUL909.xml	obj	G_OGAPODRAFT_86869	optimal	0.805031
iUL909.xml	obj	G_OGAPODRAFT_87278	optimal	1.116836
iUL909.xml	obj	G_OGAPODRAFT_87483	optimal	1.116836
iUL909.xml	obj	G_OGAPODRAFT_87507	optimal	1.112498
iUL909.xml	obj	G_OGAPODRAFT_87688	optimal	1.086351
iUL909.xml	obj	G_OGAPODRAFT_87824	optimal	0.0
iUL909.xml	obj	G_OGAPODRAFT_87893	optimal	1.116833
iUL909.xml	obj	G_OGAPODRAFT_87999	optimal	1.116836
iUL909.xml	obj	G_OGAPODRAFT_88121	optimal	1.116836
iUL909.xml	obj	G_OGAPODRAFT_8819	optimal	0.970034
iUL909.xml	obj	G_OGAPODRAFT_88236	optimal	0.0
iUL909.xml	obj	G_OGAPODRAFT_88355	optimal	1.116836
iUL909.xml	obj	G_OGAPODRAFT_88384	optimal	1.116836
iUL909.xml	obj	G_OGAPODRAFT_88509	optimal	0.0
iUL909.xml	obj	G_OGAPODRAFT_88534	optimal	1.116836
iUL909.xml	obj	G_OGAPODRAFT_88763	optimal	1.116836
iUL909.xml	obj	G_OGAPODRAFT_88885	optimal	1.116836
iUL909.xml	obj	G_OGAPODRAFT_88971	optimal	1.116836
iUL909.xml	obj	G_OGAPODRAFT_89317	optimal	1.116836
iUL909.xml	obj	G_OGAPODRAFT_89623	optimal	0.0
iUL909.xml	obj	G_OGAPODRAFT_8964	optimal	1.116836
iUL909.xml	obj	G_OGAPODRAFT_89872	optimal	0.0
iUL909.xml	obj	G_OGAPODRAFT_89929	optimal	0.980357
iUL909.xml	obj	G_OGAPODRAFT_9007	optimal	0.805031
iUL909.xml	obj	G_OGAPODRAFT_90189	optimal	1.116836
iUL909.xml	obj	G_OGAPODRAFT_90368	optimal	1.116836
iUL909.xml	obj	G_OGAPODRAFT_90434	optimal	1.116836
iUL909.xml	obj	G_OGAPODRAFT_90468	optimal	0.0
iUL909.xml	obj	G_OGAPODRAFT_90750	optimal	1.116836
iUL909.xml	obj	G_OGAPODRAFT_90798	optimal	1.116836
iUL909.xml	obj	G_OGAPODRAFT_90800	optimal	1.116836
iUL909.xml	obj	G_OGAPODRAFT_90970	optimal	1.116836
iUL909.xml	obj	G_OGAPODRAFT_90977	optimal	1.116836
iUL909.xml	obj	G_OGAPODRAFT_91005	optimal	1.116836
iUL909.xml	obj	G_OGAPODRAFT_91171	optimal	1.094685
iUL909.xml	obj	G_OGAPODRAFT_91309	optimal	1.116836
iUL909.xml	obj	G_OGAPODRAFT_9131	optimal	0.0
iUL909.xml	obj	G_OGAPODRAFT_91557	optimal	1.116836
iUL909.xml	obj	G_OGAPODRAFT_91716	optimal	0.0
iUL909.xml	obj	G_OGAPODRAFT_91744	optimal	1.116836
iUL909.xml	obj	G_OGAPODRAFT_91784	optimal	1.116836
iUL909.xml	obj	G_OGAPODRAFT_91802	optimal	1.116836
iUL909.xml	obj	G_OGAPODRAFT_91816	optimal	1.116836
iUL909.xml	obj	G_OGAPODRAFT_91824	optimal	1.116836
iUL909.xml	obj	G_OGAPODRAFT_91830	optimal	0.0
iUL909.xml	obj	G_OGAPODRAFT_9185	optimal	0.804541
iUL909.xml	obj	G_OGAPODRAFT_91870	optimal	0.0
iUL909.xml	obj	G_OGAPODRAFT_91895	optimal	0.970034
iUL909.xml	obj	G_OGAPODRAFT_91905	optimal	1.116836
iUL909.xml	obj	G_OGAPODRAFT_91928	optimal	1.116836
iUL909.xml	obj	G_OGAPODRAFT_92047	optimal	1.116836
iUL909.xml	obj	G_OGAPODRAFT_92152	optimal	1.116836
iUL909.xml	obj	G_OGAPODRAFT_92172	optimal	0.0
iUL909.xml	obj	G_OGAPODRAFT_92206	optimal	1.116836
iUL909.xml	obj	G_OGAPODRAFT_9224	optimal	1.116836
iUL909.xml	obj	G_OGAPODRAFT_92301	optimal	0.0
iUL909.xml	obj	G_OGAPODRAFT_92383	optimal	1.102366
iUL909.xml	obj	G_OGAPODRAFT_92513	optimal	0.970034
iUL909.xml	obj	G_OGAPODRAFT_92522	optimal	0.0
iUL909.xml	obj	G_OGAPODRAFT_92536	optimal	1.116836
iUL909.xml	obj	G_OGAPODRAFT_92540	optimal	0.805031
iUL909.xml	obj	G_OGAPODRAFT_92749	optimal	1.116836
iUL909.xml	obj	G_OGAPODRAFT_92781	optimal	1.116836
iUL909.xml	obj	G_OGAPODRAFT_92861	optimal	1.116836
iUL909.xml	obj	G_OGAPODRAFT_92900	optimal	0.0
iUL909.xml	obj	G_OGAPODRAFT_92932	optimal	0.0
iUL909.xml	obj	G_OGAPODRAFT_92990	optimal	1.116836
iUL909.xml	obj	G_OGAPODRAFT_93067	optimal	1.116836
iUL909.xml	obj	G_OGAPODRAFT_93152	optimal	1.116836
iUL909.xml	obj	G_OGAPODRAFT_93180	optimal	1.116836
iUL909.xml	obj	G_OGAPODRAFT_93183	optimal	1.116836
iUL909.xml	obj	G_OGAPODRAFT_93189	optimal	0.805031
iUL909.xml	obj	G_OGAPODRAFT_93190	optimal	0.805031
iUL909.xml	obj	G_OGAPODRAFT_93227	optimal	1.116836
iUL909.xml	obj	G_OGAPODRAFT_93248	optimal	0.970034
iUL909.xml	obj	G_OGAPODRAFT_93381	optimal	0.970034
iUL909.xml	obj	G_OGAPODRAFT_93392	optimal	1.116836
iUL909.xml	obj	G_OGAPODRAFT_9342	optimal	1.116836
iUL909.xml	obj	G_OGAPODRAFT_93434	optimal	1.116836
iUL909.xml	obj	G_OGAPODRAFT_93458	optimal	1.116836
iUL909.xml	obj	G_OGAPODRAFT_93522	optimal	1.116836
iUL909.xml	obj	G_OGAPODRAFT_93533	optimal	1.116663
iUL909.xml	obj	G_OGAPODRAFT_93573	optimal	1.116836
iUL909.xml	obj	G_OGAPODRAFT_9364	optimal	0.336832
iUL909.xml	obj	G_OGAPODRAFT_93662	optimal	1.116836
iUL909.xml	obj	G_OGAPODRAFT_93702	optimal	0.0
iUL909.xml	obj	G_OGAPODRAFT_93707	optimal	0.970034
iUL909.xml	obj	G_OGAPODRAFT_93790	optimal	1.116836
iUL909.xml	obj	G_OGAPODRAFT_93944	optimal	1.116836
iUL909.xml	obj	G_OGAPODRAFT_93981	optimal	1.116836
iUL909.xml	obj	G_OGAPODRAFT_94006	optimal	1.116836
iUL909.xml	obj	G_OGAPODRAFT_94022	optimal	1.116836
iUL909.xml	obj	G_OGAPODRAFT_9407	optimal	1.116836
iUL909.xml	obj	G_OGAPODRAFT_94071	optimal	1.116836
iUL909.xml	obj	G_OGAPODRAFT_94107	optimal	1.116836
iUL909.xml	obj	G_OGAPODRAFT_94126	optimal	1.116836
iUL909.xml	obj	G_OGAPODRAFT_94211	optimal	0.804541
iUL909.xml	obj	G_OGAPODRAFT_94215	optimal	1.116836
iUL909.xml	obj	G_OGAPODRAFT_94362	optimal	0.0
iUL909.xml	obj	G_OGAPODRAFT_94408	optimal	1.116836
iUL909.xml	obj	G_OGAPODRAFT_94435	optimal	1.116836
iUL909.xml	obj	G_OGAPODRAFT_94540	optimal	1.116836
iUL909.xml	obj	G_OGAPODRAFT_94548	optimal	1.116836
iUL909.xml	obj	G_OGAPODRAFT_94637	optimal	1.116836
iUL909.xml	obj	G_OGAPODRAFT_94646	optimal	0.0
iUL909.xml	obj	G_OGAPODRAFT_94659	optimal	1.116836
iUL909.xml	obj	G_OGAPODRAFT_94666	optimal	1.116836
iUL909.xml	obj	G_OGAPODRAFT_94791	optimal	1.116836
iUL909.xml	obj	G_OGAPODRAFT_94801	optimal	0.336832
iUL909.xml	obj	G_OGAPODRAFT_94825	optimal	0.0
iUL909.xml	obj	G_OGAPODRAFT_94867	optimal	1.116836
iUL909.xml	obj	G_OGAPODRAFT_94910	optimal	1.116836
iUL909.xml	obj	G_OGAPODRAFT_95078	optimal	1.116836
iUL909.xml	obj	G_OGAPODRAFT_95083	optimal	1.116836
iUL909.xml	obj	G_OGAPODRAFT_95098	optimal	1.116836
iUL909.xml	obj	G_OGAPODRAFT_95129	optimal	1.116836
iUL909.xml	obj	G_OGAPODRAFT_95263	optimal	0.0
iUL909.xml	obj	G_OGAPODRAFT_95297	optimal	1.116836
iUL909.xml	obj	G_OGAPODRAFT_95311	optimal	0.0
iUL909.xml	obj	G_OGAPODRAFT_95351	optimal	1.094685
iUL909.xml	obj	G_OGAPODRAFT_95363	optimal	1.115969
iUL909.xml	obj	G_OGAPODRAFT_95423	optimal	0.336832
iUL909.xml	obj	G_OGAPODRAFT_95435	optimal	1.116836
iUL909.xml	obj	G_OGAPODRAFT_95456	optimal	1.116836
iUL909.xml	obj	G_OGAPODRAFT_95533	optimal	1.116476
iUL909.xml	obj	G_OGAPODRAFT_95542	optimal	1.116836
iUL909.xml	obj	G_OGAPODRAFT_95557	optimal	1.116836
iUL909.xml	obj	G_OGAPODRAFT_95665	optimal	1.116836
iUL909.xml	obj	G_OGAPODRAFT_95758	optimal	1.116836
iUL909.xml	obj	G_OGAPODRAFT_95776	optimal	0.0
iUL909.xml	obj	G_OGAPODRAFT_95786	optimal	1.116836
iUL909.xml	obj	G_OGAPODRAFT_95826	optimal	1.116836
iUL909.xml	obj	G_OGAPODRAFT_95867	optimal	1.116836
iUL909.xml	obj	G_OGAPODRAFT_95905	optimal	0.970034
iUL909.xml	obj	G_OGAPODRAFT_95934	optimal	0.0
iUL909.xml	obj	G_OGAPODRAFT_96081	optimal	0.0
iUL909.xml	obj	G_OGAPODRAFT_96086	optimal	1.116836
iUL909.xml	obj	G_OGAPODRAFT_96328	optimal	1.116836
iUL909.xml	obj	G_OGAPODRAFT_96460	optimal	1.116836
iUL909.xml	obj	G_OGAPODRAFT_96493	optimal	1.116836
iUL909.xml	obj	G_OGAPODRAFT_96725	optimal	1.101914
iUL909.xml	obj	G_OGAPODRAFT_96740	optimal	1.116836
iUL909.xml	obj	G_OGAPODRAFT_96855	optimal	1.116836
iUL909.xml	obj	G_OGAPODRAFT_96880	optimal	1.116836
iUL909.xml	obj	G_OGAPODRAFT_97023	optimal	1.116836
iUL909.xml	obj	G_OGAPODRAFT_97108	optimal	0.804541
iUL909.xml	obj	G_OGAPODRAFT_97123	optimal	1.116836
iUL909.xml	obj	G_OGAPODRAFT_97158	optimal	0.0
iUL909.xml	obj	G_OGAPODRAFT_97171	optimal	1.116836
iUL909.xml	obj	G_OGAPODRAFT_97204	optimal	0.0
iUL909.xml	obj	G_OGAPODRAFT_97210	optimal	1.116836
iUL909.xml	obj	G_OGAPODRAFT_97329	optimal	1.116836
iUL909.xml	obj	G_OGAPODRAFT_97364	optimal	1.116836
iUL909.xml	obj	G_OGAPODRAFT_97405	optimal	1.116836
iUL909.xml	obj	G_OGAPODRAFT_97555	optimal	0.0
iUL909.xml	obj	G_OGAPODRAFT_97583	optimal	0.0
iUL909.xml	obj	G_OGAPODRAFT_97594	optimal	0.0
iUL909.xml	obj	G_OGAPODRAFT_97622	optimal	1.116836
iUL909.xml	obj	G_OGAPODRAFT_97665	optimal	0.0
iUL909.xml	obj	G_OGAPODRAFT_97752	optimal	0.970034
iUL909.xml	obj	G_OGAPODRAFT_97907	optimal	0.0
iUL909.xml	obj	G_OGAPODRAFT_97991	optimal	0.0
iUL909.xml	obj	G_OGAPODRAFT_97999	optimal	1.116836
iUL909.xml	obj	G_OGAPODRAFT_98060	optimal	1.116836
iUL909.xml	obj	G_OGAPODRAFT_98096	optimal	0.0
iUL909.xml	obj	G_OGAPODRAFT_98306	optimal	1.116836
iUL909.xml	obj	G_OGAPODRAFT_98329	optimal	1.116836
iUL909.xml	obj	G_OGAPODRAFT_98346	optimal	1.116836
iUL909.xml	obj	G_OGAPODRAFT_98358	optimal	1.116836
iUL909.xml	obj	G_OGAPODRAFT_98412	optimal	1.116836
iUL909.xml	obj	G_OGAPODRAFT_98503	optimal	0.0
iUL909.xml	obj	G_OGAPODRAFT_9853	optimal	1.116836
iUL909.xml	obj	G_OGAPODRAFT_98534	optimal	1.116836
iUL909.xml	obj	G_OGAPODRAFT_98553	optimal	1.116836
iUL909.xml	obj	G_OGAPODRAFT_98584	optimal	1.116836
iUL909.xml	obj	G_OGAPODRAFT_98634	optimal	0.0
iUL909.xml	obj	G_OGAPODRAFT_98776	optimal	1.116836
iUL909.xml	obj	G_OGAPODRAFT_9887	optimal	1.116836
iUL909.xml	obj	G_OGAPODRAFT_98881	optimal	1.116836
iUL909.xml	obj	G_OGAPODRAFT_98907	optimal	1.116836
iUL909.xml	obj	G_OGAPODRAFT_98944	optimal	1.116836
iUL909.xml	obj	G_OGAPODRAFT_99034	optimal	1.116836
iUL909.xml	obj	G_OGAPODRAFT_99052	optimal	1.116836
iUL909.xml	obj	G_OGAPODRAFT_99179	optimal	1.116836
iUL909.xml	obj	G_OGAPODRAFT_99184	optimal	1.116836
iUL909.xml	obj	G_OGAPODRAFT_99236	optimal	1.116836
iUL909.xml	obj	G_OGAPODRAFT_99244	optimal	1.116836
iUL909.xml	obj	G_OGAPODRAFT_99248	optimal	1.116836
iUL909.xml	obj	G_OGAPODRAFT_99253	optimal	1.108485
iUL909.xml	obj	G_OGAPODRAFT_99376	optimal	1.116836
iUL909.xml	obj	G_OGAPODRAFT_99403	optimal	1.116836
iUL909.xml	obj	G_OGAPODRAFT_9954	optimal	1.116836
iUL909.xml	obj	G_OGAPODRAFT_99603	optimal	1.116836
iUL909.xml	obj	G_OGAPODRAFT_99689	optimal	1.116836
iUL909.xml	obj	G_OGAPODRAFT_99703	optimal	1.116409
iUL909.xml	obj	G_OGAPODRAFT_99867	optimal	1.116836
iUL909.xml	obj	G_OGAPODRAFT_99881	optimal	1.116836
iUL909.xml	obj	G_OGAPODRAFT_99896	optimal	1.116836
iUL909.xml	obj	G_OGAPODRAFT_99963	optimal	1.116836
