model	objective	reaction	status	value
iUL909.xml	obj	R_10FTHFtm	optimal	1.116824
iUL909.xml	obj	R_12DGRter	optimal	1.116836
iUL909.xml	obj	R_13BGH	optimal	1.116836
iUL909.xml	obj	R_13BGHe	optimal	1.116836
iUL909.xml	obj	R_13DAMPPO	optimal	1.116836
iUL909.xml	obj	R_13GS	optimal	0.0
iUL909.xml	obj	R_16GS	optimal	1.116836
iUL909.xml	obj	R_16MANASE	optimal	1.116836
iUL909.xml	obj	R_1PYR5Ctm	optimal	1.116355
iUL909.xml	obj	R_23CAMPH	optimal	1.116836
iUL909.xml	obj	R_23DHMPtm	optimal	1.116836
iUL909.xml	obj	R_25DAPTPM	optimal	0.0
iUL909.xml	obj	R_2DDA7Ptm	optimal	1.116409
iUL909.xml	obj	R_2DHPtm	optimal	1.116836
iUL909.xml	obj	R_2DOXG6PP	optimal	1.116836
iUL909.xml	obj	R_2HBO	optimal	1.116836
iUL909.xml	obj	R_2HBt2	optimal	1.116836
iUL909.xml	obj	R_2HETHPPtm	optimal	1.116836
iUL909.xml	obj	R_2HMHMBQMTm	optimal	0.0
iUL909.xml	obj	R_2HP6MPMOm	optimal	0.0
iUL909.xml	obj	R_2HPMBQMTm	optimal	0.0
iUL909.xml	obj	R_2HPMMBQMOm	optimal	0.0
iUL909.xml	obj	R_2MBACt	optimal	1.116836
iUL909.xml	obj	R_2MBALDt	optimal	1.116836
iUL909.xml	obj	R_2MBALDtm	optimal	1.116836
iUL909.xml	obj	R_2MBTOHt	optimal	1.116836
iUL909.xml	obj	R_2MBTOHtm	optimal	1.116836
iUL909.xml	obj	R_2MOPtm	optimal	1.116836
iUL909.xml	obj	R_2MPPALt	optimal	1.116836
iUL909.xml	obj	R_2MPPALtm	optimal	1.116836
iUL909.xml	obj	R_2OBUTtm	optimal	1.115243
iUL909.xml	obj	R_2OXOADOX	optimal	1.113769
iUL909.xml	obj	R_2OXOADPTm	optimal	1.116836
iUL909.xml	obj	R_2OXOADPtim	optimal	1.116836
iUL909.xml	obj	R_2PHETOHt	optimal	1.116836
iUL909.xml	obj	R_2PHETOHtm	optimal	1.116836
iUL909.xml	obj	R_34HPLFM	optimal	1.116836
iUL909.xml	obj	R_34HPPOR	optimal	1.116836
iUL909.xml	obj	R_34HPPt2m	optimal	1.116836
iUL909.xml	obj	R_34HPPt2p	optimal	1.116836
iUL909.xml	obj	R_3C3HMPt	optimal	1.116836
iUL909.xml	obj	R_3C3HMPtm	optimal	1.116836
iUL909.xml	obj	R_3C4MOPtm	optimal	1.116388
iUL909.xml	obj	R_3DH5HPBMTm	optimal	0.0
iUL909.xml	obj	R_3DH5HPBtm	optimal	1.116836
iUL909.xml	obj	R_3DSPHR	optimal	0.0
iUL909.xml	obj	R_3H3M2OPR	optimal	0.0
iUL909.xml	obj	R_3H3M2OPS	optimal	0.0
iUL909.xml	obj	R_3HAD100m	optimal	1.116836
iUL909.xml	obj	R_3HAD120m	optimal	1.116836
iUL909.xml	obj	R_3HAD140m	optimal	1.116836
iUL909.xml	obj	R_3HAD160m	optimal	1.116836
iUL909.xml	obj	R_3HAD180m	optimal	1.116836
iUL909.xml	obj	R_3HAD40m	optimal	1.116836
iUL909.xml	obj	R_3HAD60m	optimal	1.116836
iUL909.xml	obj	R_3HAD80m	optimal	1.116836
iUL909.xml	obj	R_3HAO	optimal	1.116836
iUL909.xml	obj	R_3HBCOAHLm	optimal	1.116836
iUL909.xml	obj	R_3HPH5MBDCm	optimal	0.0
iUL909.xml	obj	R_3IPM3MT	optimal	1.116836
iUL909.xml	obj	R_3M2OBLOXRD1	optimal	1.116836
iUL909.xml	obj	R_3M2OBLOXRD2	optimal	1.116836
iUL909.xml	obj	R_3M2OBLOXRD3	optimal	1.116836
iUL909.xml	obj	R_3MBALDt	optimal	1.116836
iUL909.xml	obj	R_3MBALDtm	optimal	1.116836
iUL909.xml	obj	R_3MOBDC	optimal	1.116836
iUL909.xml	obj	R_3MOBtm	optimal	0.0
iUL909.xml	obj	R_3MOPDC	optimal	1.116836
iUL909.xml	obj	R_3MOPDH1	optimal	1.116836
iUL909.xml	obj	R_3MOPDH2	optimal	1.116836
iUL909.xml	obj	R_3MOPDH3	optimal	1.116836
iUL909.xml	obj	R_3MOPt	optimal	1.116836
iUL909.xml	obj	R_3MOPtm	optimal	1.116836
iUL909.xml	obj	R_3OAR100m	optimal	1.116836
iUL909.xml	obj	R_3OAR120m	optimal	1.116836
iUL909.xml	obj	R_3OAR140m	optimal	1.116836
iUL909.xml	obj	R_3OAR160m	optimal	1.116836
iUL909.xml	obj	R_3OAR180m	optimal	1.116836
iUL909.xml	obj	R_3OAR40m	optimal	1.116836
iUL909.xml	obj	R_3OAR60m	optimal	1.116836
iUL909.xml	obj	R_3OAR80m	optimal	1.116836
iUL909.xml	obj	R_3OAS100m	optimal	1.116836
iUL909.xml	obj	R_3OAS120m	optimal	1.116836
iUL909.xml	obj	R_3OAS140m	optimal	1.116836
iUL909.xml	obj	R_3OAS160m	optimal	1.116836
iUL909.xml	obj	R_3OAS180	optimal	1.116836
iUL909.xml	obj	R_3OAS60m	optimal	1.116836
iUL909.xml	obj	R_3OAS80m	optimal	1.116836
iUL909.xml	obj	R_3OASTO	optimal	1.116836
iUL909.xml	obj	R_3OPHB5Hm	optimal	0.0
iUL909.xml	obj	R_3OPHB_5tm	optimal	1.116836
iUL909.xml	obj	R_3SALACBOXL	optimal	1.116836
iUL909.xml	obj	R_3SALATAi	optimal	1.116836
iUL909.xml	obj	R_3SPYRSP	optimal	1.116836
iUL909.xml	obj	R_4ABUTNtm	optimal	1.116836
iUL909.xml	obj	R_4ABUTtm	optimal	1.116836
iUL909.xml	obj	R_4ABZt	optimal	1.116836
iUL909.xml	obj	R_4ABZtm	optimal	0.0
iUL909.xml	obj	R_4H2OGLTtm	optimal	1.116836
iUL909.xml	obj	R_4H2OGLTtp	optimal	1.116836
iUL909.xml	obj	R_4HBZCOAFm	optimal	1.116836
iUL909.xml	obj	R_4HBZFm	optimal	1.116836
iUL909.xml	obj	R_4HBZtm	optimal	1.116836
iUL909.xml	obj	R_4HGLSDm	optimal	1.116836
iUL909.xml	obj	R_4HPHACR	optimal	1.116836
iUL909.xml	obj	R_4HPHACS	optimal	1.116836
iUL909.xml	obj	R_4HPRO_LTtm	optimal	1.116836
iUL909.xml	obj	R_4HTHRS	optimal	1.116836
iUL909.xml	obj	R_4MOPDC	optimal	1.116836
iUL909.xml	obj	R_4MOPDH1	optimal	1.116836
iUL909.xml	obj	R_4MOPDH2	optimal	1.116836
iUL909.xml	obj	R_4MOPDH3	optimal	1.116836
iUL909.xml	obj	R_4MOPtm	optimal	1.116388
iUL909.xml	obj	R_4NPHPP	optimal	1.116836
iUL909.xml	obj	R_56DURAt	optimal	1.116836
iUL909.xml	obj	R_5AOPt2	optimal	1.116836
iUL909.xml	obj	R_5AOPtm	optimal	0.0
iUL909.xml	obj	R_5HIURATEH	optimal	1.116836
iUL909.xml	obj	R_5HOXINDACTO2OX	optimal	1.116836
iUL909.xml	obj	R_5HOXINDACTOX	optimal	1.116836
iUL909.xml	obj	R_5MTHFtm	optimal	1.116836
iUL909.xml	obj	R_8AONNt2	optimal	1.116836
iUL909.xml	obj	R_AABTN	optimal	1.116836
iUL909.xml	obj	R_AACOAT	optimal	1.116836
iUL909.xml	obj	R_AACTOOR	optimal	1.116836
iUL909.xml	obj	R_AASAD1	optimal	1.116836
iUL909.xml	obj	R_AASAD2	optimal	1.1167
iUL909.xml	obj	R_AASAD3	optimal	1.116836
iUL909.xml	obj	R_AATA	optimal	0.0
iUL909.xml	obj	R_ABGS	optimal	1.116836
iUL909.xml	obj	R_ABT2D_L	optimal	1.116836
iUL909.xml	obj	R_ABT4D_L	optimal	1.116836
iUL909.xml	obj	R_ABTA	optimal	0.0
iUL909.xml	obj	R_ABTDG	optimal	1.116836
iUL909.xml	obj	R_ABTLt	optimal	1.116836
iUL909.xml	obj	R_ABUTDm	optimal	1.116836
iUL909.xml	obj	R_ABUTt2r	optimal	1.116836
iUL909.xml	obj	R_AC2MBTOHT	optimal	1.116836
iUL909.xml	obj	R_AC2PHETOHT	optimal	1.116836
iUL909.xml	obj	R_ACACT1	optimal	1.116836
iUL909.xml	obj	R_ACACT10m	optimal	1.116836
iUL909.xml	obj	R_ACACT1m	optimal	1.115969
iUL909.xml	obj	R_ACACT1x	optimal	1.113769
iUL909.xml	obj	R_ACACT2rx	optimal	1.116836
iUL909.xml	obj	R_ACACT3rx	optimal	1.116836
iUL909.xml	obj	R_ACACT4p	optimal	1.116836
iUL909.xml	obj	R_ACACT5p	optimal	1.116836
iUL909.xml	obj	R_ACACT6p	optimal	1.116836
iUL909.xml	obj	R_ACACT7p	optimal	1.116836
iUL909.xml	obj	R_ACACT8p	optimal	1.116836
iUL909.xml	obj	R_ACACT9p	optimal	1.116836
iUL909.xml	obj	R_ACACtm	optimal	1.116836
iUL909.xml	obj	R_ACALDCD	optimal	1.116836
iUL909.xml	obj	R_ACALDt	optimal	1.116836
iUL909.xml	obj	R_ACALDtm	optimal	1.116836
iUL909.xml	obj	R_ACCOACr	optimal	0.0
iUL909.xml	obj	R_ACCOACrm	optimal	1.116836
iUL909.xml	obj	R_ACCOAtm	optimal	1.116836
iUL909.xml	obj	R_ACCOAtn	optimal	1.116836
iUL909.xml	obj	R_ACESt	optimal	1.116836
iUL909.xml	obj	R_ACGAM6PS	optimal	0.0
iUL909.xml	obj	R_ACGAMPM	optimal	0.0
iUL909.xml	obj	R_ACGKm	optimal	0.0
iUL909.xml	obj	R_ACGPID	optimal	1.116836
iUL909.xml	obj	R_ACGSm	optimal	1.116836
iUL909.xml	obj	R_ACHLE1	optimal	1.116836
iUL909.xml	obj	R_ACHLE2	optimal	1.116836
iUL909.xml	obj	R_ACHLE3	optimal	1.116836
iUL909.xml	obj	R_ACHMStm	optimal	1.116836
iUL909.xml	obj	R_ACIAMOHT	optimal	1.116836
iUL909.xml	obj	R_ACIBUTOHT	optimal	1.116836
iUL909.xml	obj	R_ACLSm	optimal	1.116836
iUL909.xml	obj	R_ACOAD10NADm	optimal	1.116836
iUL909.xml	obj	R_ACOAD8m	optimal	1.116836
iUL909.xml	obj	R_ACOAD9m	optimal	1.116836
iUL909.xml	obj	R_ACOAH	optimal	1.116836
iUL909.xml	obj	R_ACOAHim	optimal	1.116836
iUL909.xml	obj	R_ACOAO04p	optimal	1.116836
iUL909.xml	obj	R_ACOAO06p	optimal	1.116836
iUL909.xml	obj	R_ACOAO08p	optimal	1.116836
iUL909.xml	obj	R_ACOAO20p	optimal	1.116836
iUL909.xml	obj	R_ACOAO22p	optimal	1.116836
iUL909.xml	obj	R_ACOAO24p	optimal	1.116836
iUL909.xml	obj	R_ACOAO4p	optimal	1.116836
iUL909.xml	obj	R_ACOAO5p	optimal	1.116836
iUL909.xml	obj	R_ACOAO6p	optimal	1.116836
iUL909.xml	obj	R_ACOAO7p	optimal	1.116836
iUL909.xml	obj	R_ACOAO8p	optimal	1.116836
iUL909.xml	obj	R_ACOAO9p	optimal	1.116836
iUL909.xml	obj	R_ACOATA	optimal	0.0
iUL909.xml	obj	R_ACOATAm	optimal	1.116836
iUL909.xml	obj	R_ACODA	optimal	1.116836
iUL909.xml	obj	R_ACOHT	optimal	1.116836
iUL909.xml	obj	R_ACON3MT	optimal	1.116836
iUL909.xml	obj	R_ACONT	optimal	1.116836
iUL909.xml	obj	R_ACONTm	optimal	1.116836
iUL909.xml	obj	R_ACONTx	optimal	1.116836
iUL909.xml	obj	R_ACORNtm	optimal	1.116836
iUL909.xml	obj	R_ACOTAim	optimal	0.0
iUL909.xml	obj	R_ACP1e	optimal	1.116836
iUL909.xml	obj	R_ACPS1	optimal	1.116836
iUL909.xml	obj	R_ACPpds	optimal	1.116836
iUL909.xml	obj	R_ACPt	optimal	1.116836
iUL909.xml	obj	R_ACPtm	optimal	1.116836
iUL909.xml	obj	R_ACRNtm	optimal	1.116836
iUL909.xml	obj	R_ACRNtp	optimal	1.116836
iUL909.xml	obj	R_ACS	optimal	1.116836
iUL909.xml	obj	R_ACSERtm	optimal	1.116836
iUL909.xml	obj	R_ACSm	optimal	1.116836
iUL909.xml	obj	R_ACSp	optimal	1.116836
iUL909.xml	obj	R_ACt2e	optimal	1.116836
iUL909.xml	obj	R_ACter	optimal	1.116836
iUL909.xml	obj	R_ACtm	optimal	1.116836
iUL909.xml	obj	R_ACtp	optimal	1.116836
iUL909.xml	obj	R_ACtr	optimal	1.116836
iUL909.xml	obj	R_ADA	optimal	1.116836
iUL909.xml	obj	R_ADCL	optimal	0.0
iUL909.xml	obj	R_ADCS	optimal	0.0
iUL909.xml	obj	R_ADEt2	optimal	1.116836
iUL909.xml	obj	R_ADEtm	optimal	1.116836
iUL909.xml	obj	R_ADHAPR_PP	optimal	1.116836
iUL909.xml	obj	R_ADK1	optimal	1.116836
iUL909.xml	obj	R_ADK1m	optimal	1.116836
iUL909.xml	obj	R_ADK3	optimal	1.116836
iUL909.xml	obj	R_ADK3m	optimal	1.116836
iUL909.xml	obj	R_ADK4	optimal	1.116836
iUL909.xml	obj	R_ADK4m	optimal	1.116836
iUL909.xml	obj	R_ADMDC	optimal	1.116836
iUL909.xml	obj	R_ADNCYC	optimal	1.116836
iUL909.xml	obj	R_ADNK1	optimal	1.116621
iUL909.xml	obj	R_ADNt2	optimal	1.116836
iUL909.xml	obj	R_ADPRDP	optimal	1.116836
iUL909.xml	obj	R_ADPT	optimal	1.116836
iUL909.xml	obj	R_ADPter	optimal	1.116836
iUL909.xml	obj	R_ADPtn	optimal	1.116836
iUL909.xml	obj	R_ADSK	optimal	0.0
iUL909.xml	obj	R_ADSL1r	optimal	0.0
iUL909.xml	obj	R_ADSL2r	optimal	0.0
iUL909.xml	obj	R_ADSS	optimal	0.0
iUL909.xml	obj	R_AGAT_PP	optimal	0.0
iUL909.xml	obj	R_AGL_PP	optimal	1.116836
iUL909.xml	obj	R_AGMT	optimal	1.116836
iUL909.xml	obj	R_AGMt	optimal	1.116836
iUL909.xml	obj	R_AGPGAT	optimal	1.116836
iUL909.xml	obj	R_AGPGS	optimal	1.116836
iUL909.xml	obj	R_AGPRim	optimal	0.0
iUL909.xml	obj	R_AGPT	optimal	1.116836
iUL909.xml	obj	R_AGTi	optimal	1.116836
iUL909.xml	obj	R_AHCYStm	optimal	0.0
iUL909.xml	obj	R_AHCi	optimal	0.0
iUL909.xml	obj	R_AHMMPS	optimal	1.116836
iUL909.xml	obj	R_AHSERL	optimal	1.116836
iUL909.xml	obj	R_AHSERL2	optimal	1.116836
iUL909.xml	obj	R_AICART	optimal	0.0
iUL909.xml	obj	R_AIRCr	optimal	0.0
iUL909.xml	obj	R_AKGDH1	optimal	1.116836
iUL909.xml	obj	R_AKGDH2	optimal	1.116836
iUL909.xml	obj	R_AKGDam	optimal	1.116836
iUL909.xml	obj	R_AKGDbm	optimal	1.112278
iUL909.xml	obj	R_AKGMAL	optimal	1.116836
iUL909.xml	obj	R_AKGMALtm	optimal	1.089528
iUL909.xml	obj	R_AKGMALtp	optimal	1.116836
iUL909.xml	obj	R_AKGt2n	optimal	1.116836
iUL909.xml	obj	R_AKGt2r	optimal	1.116836
iUL909.xml	obj	R_AKGtp	optimal	1.116836
iUL909.xml	obj	R_AKP1	optimal	1.116836
iUL909.xml	obj	R_AL6PI	optimal	1.116836
iUL909.xml	obj	R_ALACPYRL	optimal	0.0
iUL909.xml	obj	R_ALACtm	optimal	1.116836
iUL909.xml	obj	R_ALADO	optimal	1.116836
iUL909.xml	obj	R_ALADt2r	optimal	1.116836
iUL909.xml	obj	R_ALASm	optimal	0.0
iUL909.xml	obj	R_ALATA_L	optimal	1.116836
iUL909.xml	obj	R_ALATA_Lm	optimal	1.116836
iUL909.xml	obj	R_ALAt2r	optimal	1.116836
iUL909.xml	obj	R_ALAtmi	optimal	1.116836
iUL909.xml	obj	R_ALCD19	optimal	1.116836
iUL909.xml	obj	R_ALCD19y	optimal	1.116836
iUL909.xml	obj	R_ALCD22xi	optimal	1.116836
iUL909.xml	obj	R_ALCD22xim	optimal	1.116836
iUL909.xml	obj	R_ALCD22yi	optimal	1.116836
iUL909.xml	obj	R_ALCD23xi	optimal	1.116836
iUL909.xml	obj	R_ALCD23xim	optimal	1.116836
iUL909.xml	obj	R_ALCD23yi	optimal	1.116836
iUL909.xml	obj	R_ALCD24xi	optimal	1.116836
iUL909.xml	obj	R_ALCD24xim	optimal	1.116836
iUL909.xml	obj	R_ALCD24yi	optimal	1.116836
iUL909.xml	obj	R_ALCD25xi	optimal	1.116836
iUL909.xml	obj	R_ALCD25xim	optimal	1.116836
iUL909.xml	obj	R_ALCD25yi	optimal	1.116836
iUL909.xml	obj	R_ALCD26xi	optimal	1.116836
iUL909.xml	obj	R_ALCD26xim	optimal	1.116836
iUL909.xml	obj	R_ALCD2irm	optimal	1.116836
iUL909.xml	obj	R_ALCD2x	optimal	1.116836
iUL909.xml	obj	R_ALDD19x	optimal	1.116836
iUL909.xml	obj	R_ALDD20xm	optimal	1.116836
iUL909.xml	obj	R_ALDD20y	optimal	1.116836
iUL909.xml	obj	R_ALDD20ym	optimal	1.116836
iUL909.xml	obj	R_ALDD22x	optimal	1.116836
iUL909.xml	obj	R_ALDD2x	optimal	1.116836
iUL909.xml	obj	R_ALDD2xm	optimal	1.116836
iUL909.xml	obj	R_ALDD2y	optimal	1.116836
iUL909.xml	obj	R_ALDD2ym	optimal	1.116836
iUL909.xml	obj	R_ALKP	optimal	1.116836
iUL909.xml	obj	R_ALKPv	optimal	1.116836
iUL909.xml	obj	R_ALLK	optimal	1.116836
iUL909.xml	obj	R_ALLTAHr	optimal	1.116836
iUL909.xml	obj	R_ALLTNISOR	optimal	1.116836
iUL909.xml	obj	R_ALLTNr	optimal	1.116836
iUL909.xml	obj	R_ALLTNti	optimal	1.116836
iUL909.xml	obj	R_ALLTTti	optimal	1.116836
iUL909.xml	obj	R_ALLt	optimal	1.116836
iUL909.xml	obj	R_ALPHNH	optimal	1.116836
iUL909.xml	obj	R_ALS6PE	optimal	1.116836
iUL909.xml	obj	R_ALTOX	optimal	1.116836
iUL909.xml	obj	R_AM6SAD	optimal	1.116836
iUL909.xml	obj	R_AMAOTr	optimal	1.116836
iUL909.xml	obj	R_AMCOXO	optimal	1.116836
iUL909.xml	obj	R_AMETt2	optimal	1.116836
iUL909.xml	obj	R_AMETtm	optimal	0.0
iUL909.xml	obj	R_AMGDLt	optimal	1.116836
iUL909.xml	obj	R_AMID2	optimal	1.116836
iUL909.xml	obj	R_AMID3	optimal	1.116836
iUL909.xml	obj	R_AMOBTA	optimal	1.116836
iUL909.xml	obj	R_AMPDA	optimal	1.116836
iUL909.xml	obj	R_AMPN	optimal	1.116836
iUL909.xml	obj	R_AMPTASECG	optimal	1.116836
iUL909.xml	obj	R_AMPTASEPG	optimal	1.116836
iUL909.xml	obj	R_AMPtn	optimal	1.116836
iUL909.xml	obj	R_ANPRT	optimal	0.0
iUL909.xml	obj	R_ANS	optimal	0.0
iUL909.xml	obj	R_AOBUTDs	optimal	1.116836
iUL909.xml	obj	R_AOD	optimal	1.116836
iUL909.xml	obj	R_AP4AHr	optimal	1.116836
iUL909.xml	obj	R_APAT2r	optimal	1.116836
iUL909.xml	obj	R_APCADVS	optimal	1.116836
iUL909.xml	obj	R_APGSDmt	optimal	1.116836
iUL909.xml	obj	R_APGSDmz	optimal	1.116836
iUL909.xml	obj	R_APGSDpt	optimal	1.116836
iUL909.xml	obj	R_APGSDtn	optimal	1.116836
iUL909.xml	obj	R_APRAUR	optimal	1.116836
iUL909.xml	obj	R_APRTO2	optimal	1.116836
iUL909.xml	obj	R_ARAB14LO	optimal	1.116836
iUL909.xml	obj	R_ARAB1D1	optimal	1.116836
iUL909.xml	obj	R_ARAB1D2	optimal	1.116836
iUL909.xml	obj	R_ARABR	optimal	1.116836
iUL909.xml	obj	R_ARABR2	optimal	1.116836
iUL909.xml	obj	R_ARAB_Dt	optimal	1.116836
iUL909.xml	obj	R_ARAB_Lt	optimal	1.116836
iUL909.xml	obj	R_ARDENDR	optimal	1.116836
iUL909.xml	obj	R_ARGN	optimal	1.116836
iUL909.xml	obj	R_ARGSL	optimal	0.0
iUL909.xml	obj	R_ARGSSr	optimal	0.0
iUL909.xml	obj	R_ARGt2m	optimal	1.116836
iUL909.xml	obj	R_ARGt2r	optimal	1.116836
iUL909.xml	obj	R_ARGt6	optimal	1.116836
iUL909.xml	obj	R_ARMT	optimal	1.116836
iUL909.xml	obj	R_ASADi	optimal	0.0
iUL909.xml	obj	R_ASNN	optimal	1.116836
iUL909.xml	obj	R_ASNS1	optimal	0.0
iUL909.xml	obj	R_ASNTA	optimal	1.116836
iUL909.xml	obj	R_ASNt2m	optimal	1.116836
iUL909.xml	obj	R_ASNt2r	optimal	1.116836
iUL909.xml	obj	R_ASNt6	optimal	1.116836
iUL909.xml	obj	R_ASNt7	optimal	1.116836
iUL909.xml	obj	R_ASNtm	optimal	1.116836
iUL909.xml	obj	R_ASP1DC	optimal	1.116829
iUL909.xml	obj	R_ASPCT	optimal	0.0
iUL909.xml	obj	R_ASPGLU2m	optimal	1.100536
iUL909.xml	obj	R_ASPGLUtp	optimal	1.116836
iUL909.xml	obj	R_ASPKi	optimal	0.0
iUL909.xml	obj	R_ASPO1	optimal	1.116836
iUL909.xml	obj	R_ASPO6	optimal	1.116836
iUL909.xml	obj	R_ASPTA	optimal	1.116836
iUL909.xml	obj	R_ASPTAm	optimal	1.100536
iUL909.xml	obj	R_ASPTAp	optimal	1.116836
iUL909.xml	obj	R_ASPt2m	optimal	1.116836
iUL909.xml	obj	R_ASPt2n	optimal	1.116836
iUL909.xml	obj	R_ASPt2r	optimal	1.116836
iUL909.xml	obj	R_ASPt5n	optimal	1.116836
iUL909.xml	obj	R_ASPt7	optimal	1.116836
iUL909.xml	obj	R_ATHRDHr	optimal	1.116836
iUL909.xml	obj	R_ATP2tp_H	optimal	1.116836
iUL909.xml	obj	R_ATPATF1	optimal	1.116836
iUL909.xml	obj	R_ATPATF2	optimal	1.116836
iUL909.xml	obj	R_ATPATF3	optimal	1.116836
iUL909.xml	obj	R_ATPH1	optimal	1.116836
iUL909.xml	obj	R_ATPM	optimal	1.12673
iUL909.xml	obj	R_ATPPRT	optimal	0.0
iUL909.xml	obj	R_ATPS	optimal	1.116836
iUL909.xml	obj	R_ATPS3g	optimal	1.116836
iUL909.xml	obj	R_ATPS3m	optimal	0.336832
iUL909.xml	obj	R_ATPS3v	optimal	1.116836
iUL909.xml	obj	R_ATPter	optimal	1.116836
iUL909.xml	obj	R_ATPter_H	optimal	1.116836
iUL909.xml	obj	R_ATPtg_H	optimal	1.116836
iUL909.xml	obj	R_ATPtm_H	optimal	0.19181
iUL909.xml	obj	R_ATPtn	optimal	1.116836
iUL909.xml	obj	R_ATPtp_H	optimal	1.116836
iUL909.xml	obj	R_B2COAtp	optimal	1.113769
iUL909.xml	obj	R_BACCL	optimal	1.116836
iUL909.xml	obj	R_BBHOX	optimal	1.116836
iUL909.xml	obj	R_BDGLC1R	optimal	1.116836
iUL909.xml	obj	R_BDMT	optimal	1.116836
iUL909.xml	obj	R_BIOMASS	optimal	0.0
iUL909.xml	obj	R_BIOMASS4060	optimal	1.116836
iUL909.xml	obj	R_BIOMASS4060b	optimal	1.116836
iUL909.xml	obj	R_BIOMASS6040	optimal	1.116836
iUL909.xml	obj	R_BIOMASS6040b	optimal	1.116836
iUL909.xml	obj	R_BIOMASS8020	optimal	1.116836
iUL909.xml	obj	R_BIOMASS8020b	optimal	1.116836
iUL909.xml	obj	R_BIOMASS_glyc	optimal	1.116836
iUL909.xml	obj	R_BIOMASS_meoh	optimal	1.116836
iUL909.xml	obj	R_BMTer	optimal	1.116836
iUL909.xml	obj	R_BPNT	optimal	0.0
iUL909.xml	obj	R_BPNT2	optimal	1.116836
iUL909.xml	obj	R_BTDD_RR	optimal	1.116836
iUL909.xml	obj	R_BTDt_RR	optimal	1.116836
iUL909.xml	obj	R_BTNCBXLH	optimal	1.116836
iUL909.xml	obj	R_BTNt2i	optimal	0.0
iUL909.xml	obj	R_BTSr	optimal	1.116836
iUL909.xml	obj	R_BUPN	optimal	1.116836
iUL909.xml	obj	R_C14STR	optimal	0.0
iUL909.xml	obj	R_C22STDS	optimal	1.116836
iUL909.xml	obj	R_C22STDSx	optimal	1.116814
iUL909.xml	obj	R_C24STRer	optimal	0.0
iUL909.xml	obj	R_C3STDH1	optimal	0.0
iUL909.xml	obj	R_C3STDH2	optimal	0.0
iUL909.xml	obj	R_C3STKR1	optimal	0.0
iUL909.xml	obj	R_C3STKR2	optimal	0.0
iUL909.xml	obj	R_C4STMO1	optimal	0.0
iUL909.xml	obj	R_C4STMO2	optimal	0.0
iUL909.xml	obj	R_C5STDS	optimal	0.0
iUL909.xml	obj	R_C8STI	optimal	0.0
iUL909.xml	obj	R_CARBOHYDRATES	optimal	0.0
iUL909.xml	obj	R_CATp	optimal	1.116476
iUL909.xml	obj	R_CBASPtn	optimal	1.116836
iUL909.xml	obj	R_CBPS	optimal	1.116836
iUL909.xml	obj	R_CBPSn	optimal	1.116836
iUL909.xml	obj	R_CBPtm	optimal	1.116836
iUL909.xml	obj	R_CBPtn	optimal	1.116836
iUL909.xml	obj	R_CCP2m	optimal	1.116836
iUL909.xml	obj	R_CDPDGPm_PP	optimal	0.0
iUL909.xml	obj	R_CDPter	optimal	1.116836
iUL909.xml	obj	R_CDPtn	optimal	1.116836
iUL909.xml	obj	R_CER4DS16	optimal	0.0
iUL909.xml	obj	R_CER4DS18	optimal	0.0
iUL909.xml	obj	R_CER4DS2d16	optimal	0.0
iUL909.xml	obj	R_CER4DS2d18	optimal	0.0
iUL909.xml	obj	R_CER8DS16	optimal	0.0
iUL909.xml	obj	R_CER8DS18	optimal	0.0
iUL909.xml	obj	R_CER8DS2d16	optimal	0.0
iUL909.xml	obj	R_CER8DS2d18	optimal	0.0
iUL909.xml	obj	R_CER9MET16	optimal	0.0
iUL909.xml	obj	R_CER9MET18	optimal	0.0
iUL909.xml	obj	R_CERASE116	optimal	1.116836
iUL909.xml	obj	R_CERASE118	optimal	1.116836
iUL909.xml	obj	R_CERASE124	optimal	1.116836
iUL909.xml	obj	R_CERASE124er	optimal	1.116836
iUL909.xml	obj	R_CERASE126	optimal	1.116836
iUL909.xml	obj	R_CERASE126er	optimal	1.116836
iUL909.xml	obj	R_CERASE16d4	optimal	1.116836
iUL909.xml	obj	R_CERASE18d4	optimal	1.116836
iUL909.xml	obj	R_CERASE224	optimal	1.116836
iUL909.xml	obj	R_CERASE224er	optimal	1.116836
iUL909.xml	obj	R_CERASE226	optimal	1.116836
iUL909.xml	obj	R_CERASE226er	optimal	1.116836
iUL909.xml	obj	R_CERH124	optimal	1.116836
iUL909.xml	obj	R_CERH126	optimal	1.116836
iUL909.xml	obj	R_CERS116	optimal	0.0
iUL909.xml	obj	R_CERS118	optimal	0.0
iUL909.xml	obj	R_CERS124	optimal	1.116836
iUL909.xml	obj	R_CERS124er	optimal	1.116836
iUL909.xml	obj	R_CERS126	optimal	1.116836
iUL909.xml	obj	R_CERS126er	optimal	1.116836
iUL909.xml	obj	R_CERS224	optimal	1.116836
iUL909.xml	obj	R_CERS224er	optimal	1.116836
iUL909.xml	obj	R_CERS226	optimal	1.116836
iUL909.xml	obj	R_CERS226er	optimal	1.116836
iUL909.xml	obj	R_CERS2d16	optimal	0.0
iUL909.xml	obj	R_CERS2d18	optimal	0.0
iUL909.xml	obj	R_CERS2d24	optimal	1.116836
iUL909.xml	obj	R_CERS2d26	optimal	1.116836
iUL909.xml	obj	R_CERS324	optimal	0.0
iUL909.xml	obj	R_CERS326	optimal	0.0
iUL909.xml	obj	R_CERS424	optimal	0.0
iUL909.xml	obj	R_CERS426	optimal	0.0
iUL909.xml	obj	R_CERavg	optimal	0.0
iUL909.xml	obj	R_CHITINt	optimal	1.116836
iUL909.xml	obj	R_CHITINtg	optimal	1.116836
iUL909.xml	obj	R_CHITOSt	optimal	1.116836
iUL909.xml	obj	R_CHLPCTD	optimal	1.116836
iUL909.xml	obj	R_CHLt2	optimal	1.116836
iUL909.xml	obj	R_CHOLK	optimal	1.116836
iUL909.xml	obj	R_CHORM	optimal	0.0
iUL909.xml	obj	R_CHORS	optimal	0.0
iUL909.xml	obj	R_CHRPL	optimal	1.116836
iUL909.xml	obj	R_CHTNASE	optimal	1.116836
iUL909.xml	obj	R_CHTNDA	optimal	1.116836
iUL909.xml	obj	R_CHTNDAe	optimal	1.116836
iUL909.xml	obj	R_CHTNS	optimal	1.115372
iUL909.xml	obj	R_CITCONH	optimal	1.115227
iUL909.xml	obj	R_CITMALS	optimal	1.115227
iUL909.xml	obj	R_CITt2r	optimal	1.116836
iUL909.xml	obj	R_CITtam	optimal	1.116551
iUL909.xml	obj	R_CITtap	optimal	1.116836
iUL909.xml	obj	R_CITtbm	optimal	1.116409
iUL909.xml	obj	R_CITtcm	optimal	1.116836
iUL909.xml	obj	R_CITtcp	optimal	1.116836
iUL909.xml	obj	R_CITtp	optimal	1.116836
iUL909.xml	obj	R_CLPNAH	optimal	1.116836
iUL909.xml	obj	R_CLPNSm_PP	optimal	0.0
iUL909.xml	obj	R_CLPNtm	optimal	0.0
iUL909.xml	obj	R_CMALL	optimal	1.116836
iUL909.xml	obj	R_CMALt	optimal	1.116836
iUL909.xml	obj	R_CMPN	optimal	1.116836
iUL909.xml	obj	R_CO2t	optimal	0.502522
iUL909.xml	obj	R_CO2tg	optimal	1.116836
iUL909.xml	obj	R_CO2tm	optimal	0.0
iUL909.xml	obj	R_CO2tn	optimal	1.116836
iUL909.xml	obj	R_CO2tp	optimal	1.116836
iUL909.xml	obj	R_CO2tv	optimal	1.116836
iUL909.xml	obj	R_COAHLm	optimal	1.116836
iUL909.xml	obj	R_COAHLp	optimal	1.116836
iUL909.xml	obj	R_COAtim	optimal	1.115969
iUL909.xml	obj	R_COAtn	optimal	1.116836
iUL909.xml	obj	R_COAtp	optimal	1.113769
iUL909.xml	obj	R_COAtr	optimal	1.116836
iUL909.xml	obj	R_COF	optimal	0.0
iUL909.xml	obj	R_COUCOAFm	optimal	1.116836
iUL909.xml	obj	R_CPPPG3tm	optimal	1.116836
iUL909.xml	obj	R_CPPPGO	optimal	0.0
iUL909.xml	obj	R_CRNCAR8tp	optimal	1.116836
iUL909.xml	obj	R_CRNCARtm	optimal	1.116836
iUL909.xml	obj	R_CRNCARtp	optimal	1.116836
iUL909.xml	obj	R_CRNt	optimal	1.116836
iUL909.xml	obj	R_CRNtim	optimal	1.116836
iUL909.xml	obj	R_CRNtp	optimal	1.116836
iUL909.xml	obj	R_CSNATm	optimal	1.116836
iUL909.xml	obj	R_CSNATp	optimal	1.113769
iUL909.xml	obj	R_CSNATr	optimal	1.113769
iUL909.xml	obj	R_CSND	optimal	1.116836
iUL909.xml	obj	R_CSNt2	optimal	1.116836
iUL909.xml	obj	R_CSm	optimal	1.092548
iUL909.xml	obj	R_CSp	optimal	1.116836
iUL909.xml	obj	R_CTPS1	optimal	1.116634
iUL909.xml	obj	R_CTPS2	optimal	1.116836
iUL909.xml	obj	R_CTPter	optimal	1.116836
iUL909.xml	obj	R_CTPtm	optimal	0.0
iUL909.xml	obj	R_CYOOm	optimal	0.805031
iUL909.xml	obj	R_CYOR_u6m	optimal	0.804541
iUL909.xml	obj	R_CYSO	optimal	1.116836
iUL909.xml	obj	R_CYSS	optimal	1.11681
iUL909.xml	obj	R_CYSSm	optimal	1.116836
iUL909.xml	obj	R_CYSTGS	optimal	1.116836
iUL909.xml	obj	R_CYSTL	optimal	1.116836
iUL909.xml	obj	R_CYSTLp	optimal	1.116836
iUL909.xml	obj	R_CYSTtp	optimal	1.116836
iUL909.xml	obj	R_CYSt2r	optimal	1.116836
iUL909.xml	obj	R_CYStm	optimal	1.116836
iUL909.xml	obj	R_CYTD	optimal	1.116836
iUL909.xml	obj	R_CYTDH	optimal	1.116836
iUL909.xml	obj	R_CYTDK1	optimal	1.116836
iUL909.xml	obj	R_CYTDK2	optimal	1.116836
iUL909.xml	obj	R_CYTDt2	optimal	1.116836
iUL909.xml	obj	R_CYTK1	optimal	1.116687
iUL909.xml	obj	R_CYTK2	optimal	1.116836
iUL909.xml	obj	R_Coq1	optimal	1.116836
iUL909.xml	obj	R_DABTDEH	optimal	1.116836
iUL909.xml	obj	R_DABTDHR	optimal	1.116836
iUL909.xml	obj	R_DADA	optimal	1.116836
iUL909.xml	obj	R_DADK	optimal	0.0
iUL909.xml	obj	R_DADNt2	optimal	1.116836
iUL909.xml	obj	R_DADPtn	optimal	1.116836
iUL909.xml	obj	R_DAGCPT_PP	optimal	1.116836
iUL909.xml	obj	R_DAGL_PP	optimal	1.116836
iUL909.xml	obj	R_DAGPYP_PP	optimal	1.116836
iUL909.xml	obj	R_DAGPYPer_PP	optimal	1.116836
iUL909.xml	obj	R_DAHSS	optimal	1.116836
iUL909.xml	obj	R_DALAOX	optimal	1.116836
iUL909.xml	obj	R_DALAxt	optimal	1.116836
iUL909.xml	obj	R_DANNt2	optimal	1.116836
iUL909.xml	obj	R_DAS	optimal	1.116836
iUL909.xml	obj	R_DASYN_PP	optimal	0.0
iUL909.xml	obj	R_DASYNm_PP	optimal	0.0
iUL909.xml	obj	R_DB4PS	optimal	0.0
iUL909.xml	obj	R_DCDPtn	optimal	1.116836
iUL909.xml	obj	R_DCMPDA	optimal	1.116833
iUL909.xml	obj	R_DCTLt	optimal	1.116836
iUL909.xml	obj	R_DCTPD	optimal	1.116836
iUL909.xml	obj	R_DCYTD	optimal	1.116836
iUL909.xml	obj	R_DCYTt2	optimal	1.116836
iUL909.xml	obj	R_DDPA	optimal	1.116836
iUL909.xml	obj	R_DDPAm	optimal	1.116409
iUL909.xml	obj	R_DDPGA	optimal	1.116836
iUL909.xml	obj	R_DEDOLPP	optimal	1.116836
iUL909.xml	obj	R_DEDOLS	optimal	1.116836
iUL909.xml	obj	R_DESAT14	optimal	1.116836
iUL909.xml	obj	R_DESAT16	optimal	0.0
iUL909.xml	obj	R_DESAT18	optimal	1.116836
iUL909.xml	obj	R_DESAT182	optimal	0.0
iUL909.xml	obj	R_DESAT18_10	optimal	1.116836
iUL909.xml	obj	R_DESAT18_2	optimal	0.0
iUL909.xml	obj	R_DGDPtn	optimal	1.116836
iUL909.xml	obj	R_DGGH	optimal	1.116836
iUL909.xml	obj	R_DGK1	optimal	1.116833
iUL909.xml	obj	R_DGSNt2	optimal	1.116836
iUL909.xml	obj	R_DHAD1	optimal	1.116836
iUL909.xml	obj	R_DHAD1m	optimal	1.116836
iUL909.xml	obj	R_DHAD2	optimal	1.116836
iUL909.xml	obj	R_DHAD2m	optimal	0.0
iUL909.xml	obj	R_DHAK	optimal	1.116836
iUL909.xml	obj	R_DHAKx	optimal	1.116836
iUL909.xml	obj	R_DHAPtm	optimal	1.116836
iUL909.xml	obj	R_DHAPtv	optimal	1.116836
iUL909.xml	obj	R_DHAPtx	optimal	1.116836
iUL909.xml	obj	R_DHAt	optimal	1.116836
iUL909.xml	obj	R_DHAtv	optimal	1.116836
iUL909.xml	obj	R_DHAtx	optimal	1.116836
iUL909.xml	obj	R_DHDPP	optimal	1.116836
iUL909.xml	obj	R_DHFRi	optimal	1.116836
iUL909.xml	obj	R_DHFRim	optimal	1.116836
iUL909.xml	obj	R_DHFS	optimal	0.0
iUL909.xml	obj	R_DHFtm	optimal	1.116835
iUL909.xml	obj	R_DHNPAm	optimal	0.0
iUL909.xml	obj	R_DHNPTtm	optimal	0.0
iUL909.xml	obj	R_DHORD4i	optimal	1.116225
iUL909.xml	obj	R_DHORDi	optimal	1.116836
iUL909.xml	obj	R_DHORDm	optimal	1.116836
iUL909.xml	obj	R_DHORTS	optimal	0.0
iUL909.xml	obj	R_DHORtm	optimal	1.116836
iUL909.xml	obj	R_DHPD	optimal	1.116836
iUL909.xml	obj	R_DHPPDA2	optimal	1.116836
iUL909.xml	obj	R_DHPS	optimal	1.116836
iUL909.xml	obj	R_DHPSm	optimal	1.116836
iUL909.xml	obj	R_DHPTtm	optimal	0.0
iUL909.xml	obj	R_DHQS	optimal	0.0
iUL909.xml	obj	R_DHQTi	optimal	0.0
iUL909.xml	obj	R_DIAT	optimal	1.116836
iUL909.xml	obj	R_DINSt2	optimal	1.116836
iUL909.xml	obj	R_DIPS	optimal	1.116836
iUL909.xml	obj	R_DKMPPDa	optimal	1.116836
iUL909.xml	obj	R_DKMPPDb	optimal	1.116836
iUL909.xml	obj	R_DMATT	optimal	0.0
iUL909.xml	obj	R_DNA	optimal	0.0
iUL909.xml	obj	R_DNADtn	optimal	1.116836
iUL909.xml	obj	R_DNMPPA	optimal	1.116836
iUL909.xml	obj	R_DNTPPA	optimal	1.116836
iUL909.xml	obj	R_DOLASNT	optimal	1.116836
iUL909.xml	obj	R_DOLK	optimal	1.116836
iUL909.xml	obj	R_DOLPGT1	optimal	1.116836
iUL909.xml	obj	R_DOLPGT2	optimal	1.116836
iUL909.xml	obj	R_DOLPGT3	optimal	1.116836
iUL909.xml	obj	R_DOLPHer	optimal	1.116836
iUL909.xml	obj	R_DOLPMT1	optimal	1.116836
iUL909.xml	obj	R_DOLPMT2	optimal	1.116836
iUL909.xml	obj	R_DOLPMT3	optimal	1.116836
iUL909.xml	obj	R_DOLPMT4	optimal	1.116836
iUL909.xml	obj	R_DOLPMT5	optimal	1.116836
iUL909.xml	obj	R_DOLPMTcer	optimal	0.0
iUL909.xml	obj	R_DOLPPP	optimal	1.116836
iUL909.xml	obj	R_DOLPt2er	optimal	1.115344
iUL909.xml	obj	R_DOLter	optimal	1.116836
iUL909.xml	obj	R_DPCOAK	optimal	0.0
iUL909.xml	obj	R_DPCOAKm	optimal	1.116836
iUL909.xml	obj	R_DPGM	optimal	1.116836
iUL909.xml	obj	R_DPMI1246PH3	optimal	1.116836
iUL909.xml	obj	R_DPMI1246PH5	optimal	1.116836
iUL909.xml	obj	R_DPMI1246PS3	optimal	1.116836
iUL909.xml	obj	R_DPMI1246PS5	optimal	1.116836
iUL909.xml	obj	R_DPMI2346PH1	optimal	1.116836
iUL909.xml	obj	R_DPMI2346PH5	optimal	1.116836
iUL909.xml	obj	R_DPMI2346PS1	optimal	1.116836
iUL909.xml	obj	R_DPMI2346PS5	optimal	1.116836
iUL909.xml	obj	R_DPMVD	optimal	0.0
iUL909.xml	obj	R_DPR	optimal	1.116836
iUL909.xml	obj	R_DPRm	optimal	1.116836
iUL909.xml	obj	R_DRBK	optimal	1.116836
iUL909.xml	obj	R_DRIBt	optimal	1.116836
iUL909.xml	obj	R_DROPPRy	optimal	0.0
iUL909.xml	obj	R_DRTPPD	optimal	0.0
iUL909.xml	obj	R_DTMPK	optimal	1.116836
iUL909.xml	obj	R_DTTPt	optimal	1.116836
iUL909.xml	obj	R_DUDPtn	optimal	1.116836
iUL909.xml	obj	R_DUMPtn	optimal	1.116836
iUL909.xml	obj	R_DURIK1	optimal	1.116836
iUL909.xml	obj	R_DURIPP	optimal	1.116836
iUL909.xml	obj	R_DURIt2	optimal	1.116836
iUL909.xml	obj	R_DUTPDP	optimal	1.116836
iUL909.xml	obj	R_DXHPScm	optimal	1.116836
iUL909.xml	obj	R_D_ABTt	optimal	1.116836
iUL909.xml	obj	R_D_LACDcm	optimal	1.116836
iUL909.xml	obj	R_D_LACDm	optimal	1.116836
iUL909.xml	obj	R_D_LACt	optimal	1.116836
iUL909.xml	obj	R_D_LACt2	optimal	1.116836
iUL909.xml	obj	R_D_LACt2m	optimal	1.116836
iUL909.xml	obj	R_D_LACtm	optimal	1.116836
iUL909.xml	obj	R_E1PAld	optimal	1.116836
iUL909.xml	obj	R_E1PDH	optimal	1.116836
iUL909.xml	obj	R_E1PEPI	optimal	1.116836
iUL909.xml	obj	R_E3MMALH	optimal	1.115227
iUL909.xml	obj	R_E3MMALOR	optimal	1.115227
iUL909.xml	obj	R_E4HGLUtm	optimal	1.116836
iUL909.xml	obj	R_E4HGLUtp	optimal	1.116836
iUL909.xml	obj	R_E4PDH	optimal	1.116836
iUL909.xml	obj	R_E4Ptm	optimal	1.116409
iUL909.xml	obj	R_EAR100ym	optimal	1.116836
iUL909.xml	obj	R_EAR120ym	optimal	1.116836
iUL909.xml	obj	R_EAR140ym	optimal	1.116836
iUL909.xml	obj	R_EAR160ym	optimal	1.116836
iUL909.xml	obj	R_EAR180xm	optimal	1.116836
iUL909.xml	obj	R_EAR40ym	optimal	1.116836
iUL909.xml	obj	R_EAR60ym	optimal	1.116836
iUL909.xml	obj	R_EAR80ym	optimal	1.116836
iUL909.xml	obj	R_ECOAH1	optimal	1.116836
iUL909.xml	obj	R_ECOAH10p	optimal	1.116836
iUL909.xml	obj	R_ECOAH11p	optimal	1.116836
iUL909.xml	obj	R_ECOAH12m	optimal	1.116836
iUL909.xml	obj	R_ECOAH12p	optimal	1.116836
iUL909.xml	obj	R_ECOAH1x	optimal	1.113769
iUL909.xml	obj	R_ECOAH2p	optimal	1.116836
iUL909.xml	obj	R_ECOAH3x	optimal	1.116836
iUL909.xml	obj	R_ECOAH4p	optimal	1.116836
iUL909.xml	obj	R_ECOAH5p	optimal	1.116836
iUL909.xml	obj	R_ECOAH6p	optimal	1.116836
iUL909.xml	obj	R_ECOAH7p	optimal	1.116836
iUL909.xml	obj	R_ECOAH8p	optimal	1.116836
iUL909.xml	obj	R_ECOAH9ir	optimal	1.116836
iUL909.xml	obj	R_ECOAH9p	optimal	1.116836
iUL909.xml	obj	R_EHGLAT	optimal	1.116836
iUL909.xml	obj	R_EHGLATm	optimal	1.116836
iUL909.xml	obj	R_EHGLATp	optimal	1.116836
iUL909.xml	obj	R_ENO	optimal	1.073405
iUL909.xml	obj	R_EPISTAT_PP	optimal	0.0
iUL909.xml	obj	R_EPISTESTH_PP	optimal	1.116836
iUL909.xml	obj	R_EPISTESTH_Ppe	optimal	1.116836
iUL909.xml	obj	R_EPISTt	optimal	1.116836
iUL909.xml	obj	R_ERGSTAT_PP	optimal	0.0
iUL909.xml	obj	R_ERGSTESTH_PP	optimal	1.116836
iUL909.xml	obj	R_ERGSTESTH_Ppe	optimal	1.116836
iUL909.xml	obj	R_ERGSTGLCT	optimal	1.116836
iUL909.xml	obj	R_ERGSTt	optimal	1.116836
iUL909.xml	obj	R_ERGSTter	optimal	0.0
iUL909.xml	obj	R_ERGTETROLter	optimal	0.0
iUL909.xml	obj	R_ERYK	optimal	1.116836
iUL909.xml	obj	R_ETHAK	optimal	1.116836
iUL909.xml	obj	R_ETHAMPPL	optimal	1.116836
iUL909.xml	obj	R_ETHAPT_PP	optimal	1.116836
iUL909.xml	obj	R_ETHAt	optimal	1.116836
iUL909.xml	obj	R_ETOHt	optimal	1.116836
iUL909.xml	obj	R_ETOHtm	optimal	1.116836
iUL909.xml	obj	R_Ex_13BDglcn	optimal	1.116836
iUL909.xml	obj	R_Ex_1agpc_SC	optimal	1.116836
iUL909.xml	obj	R_Ex_2hb	optimal	1.116836
iUL909.xml	obj	R_Ex_2mbac	optimal	1.116836
iUL909.xml	obj	R_Ex_2mbald	optimal	1.116836
iUL909.xml	obj	R_Ex_2mbtoh	optimal	1.116836
iUL909.xml	obj	R_Ex_2mppal	optimal	1.116836
iUL909.xml	obj	R_Ex_2phetoh	optimal	1.116836
iUL909.xml	obj	R_Ex_3c3hmp	optimal	1.116836
iUL909.xml	obj	R_Ex_3mbald	optimal	1.116836
iUL909.xml	obj	R_Ex_3mop	optimal	1.116836
iUL909.xml	obj	R_Ex_4abut	optimal	1.116836
iUL909.xml	obj	R_Ex_4abz	optimal	1.116836
iUL909.xml	obj	R_Ex_4hb	optimal	1.116836
iUL909.xml	obj	R_Ex_56dura	optimal	1.116836
iUL909.xml	obj	R_Ex_5aop	optimal	1.116836
iUL909.xml	obj	R_Ex_8aonn	optimal	1.116836
iUL909.xml	obj	R_Ex_ACP	optimal	1.116836
iUL909.xml	obj	R_Ex_D_Phenylalanine	optimal	1.116836
iUL909.xml	obj	R_Ex_Nbfortyr	optimal	1.116836
iUL909.xml	obj	R_Ex_abt	optimal	1.116836
iUL909.xml	obj	R_Ex_abt_D	optimal	1.116836
iUL909.xml	obj	R_Ex_abt_L	optimal	1.116836
iUL909.xml	obj	R_Ex_ac	optimal	1.116836
iUL909.xml	obj	R_Ex_acald	optimal	1.116836
iUL909.xml	obj	R_Ex_aces	optimal	1.116836
iUL909.xml	obj	R_Ex_ade	optimal	1.116836
iUL909.xml	obj	R_Ex_adn	optimal	1.116836
iUL909.xml	obj	R_Ex_agm	optimal	1.116836
iUL909.xml	obj	R_Ex_akg	optimal	1.116836
iUL909.xml	obj	R_Ex_ala_D	optimal	1.116836
iUL909.xml	obj	R_Ex_ala_L	optimal	1.116836
iUL909.xml	obj	R_Ex_all_D	optimal	1.116836
iUL909.xml	obj	R_Ex_alltn	optimal	1.116836
iUL909.xml	obj	R_Ex_alltt	optimal	1.116836
iUL909.xml	obj	R_Ex_amet	optimal	1.116836
iUL909.xml	obj	R_Ex_amgdl	optimal	1.116836
iUL909.xml	obj	R_Ex_arab_D	optimal	1.116836
iUL909.xml	obj	R_Ex_arab_L	optimal	1.116836
iUL909.xml	obj	R_Ex_arg_L	optimal	1.116836
iUL909.xml	obj	R_Ex_asn_L	optimal	1.116836
iUL909.xml	obj	R_Ex_asp_L	optimal	1.116836
iUL909.xml	obj	R_Ex_biomass	optimal	0.0
iUL909.xml	obj	R_Ex_btd_RR	optimal	1.116836
iUL909.xml	obj	R_Ex_btn	optimal	0.0
iUL909.xml	obj	R_Ex_chitin	optimal	1.116836
iUL909.xml	obj	R_Ex_chitos	optimal	1.116836
iUL909.xml	obj	R_Ex_chol	optimal	1.116836
iUL909.xml	obj	R_Ex_cit	optimal	1.116836
iUL909.xml	obj	R_Ex_cmal	optimal	1.116836
iUL909.xml	obj	R_Ex_co2	optimal	0.502522
iUL909.xml	obj	R_Ex_crn	optimal	1.116836
iUL909.xml	obj	R_Ex_csn	optimal	1.116836
iUL909.xml	obj	R_Ex_cys_L	optimal	1.116836
iUL909.xml	obj	R_Ex_cytd	optimal	1.116836
iUL909.xml	obj	R_Ex_dad_2	optimal	1.116836
iUL909.xml	obj	R_Ex_dann	optimal	1.116836
iUL909.xml	obj	R_Ex_dctl	optimal	1.116836
iUL909.xml	obj	R_Ex_dcyt	optimal	1.116836
iUL909.xml	obj	R_Ex_dgsn	optimal	1.116836
iUL909.xml	obj	R_Ex_dha	optimal	1.116836
iUL909.xml	obj	R_Ex_din	optimal	1.116836
iUL909.xml	obj	R_Ex_drib	optimal	1.116836
iUL909.xml	obj	R_Ex_dttp	optimal	1.116836
iUL909.xml	obj	R_Ex_duri	optimal	1.116836
iUL909.xml	obj	R_Ex_epist	optimal	1.116836
iUL909.xml	obj	R_Ex_epistest_SC	optimal	1.116836
iUL909.xml	obj	R_Ex_ergst	optimal	1.116836
iUL909.xml	obj	R_Ex_ergstest_SC	optimal	1.116836
iUL909.xml	obj	R_Ex_eryth	optimal	1.116836
iUL909.xml	obj	R_Ex_etha	optimal	1.116836
iUL909.xml	obj	R_Ex_etoh	optimal	1.116836
iUL909.xml	obj	R_Ex_faR	optimal	1.116836
iUL909.xml	obj	R_Ex_fe2	optimal	0.0
iUL909.xml	obj	R_Ex_fecost	optimal	1.116836
iUL909.xml	obj	R_Ex_fecostest_SC	optimal	1.116836
iUL909.xml	obj	R_Ex_fmn	optimal	1.116836
iUL909.xml	obj	R_Ex_for	optimal	1.116836
iUL909.xml	obj	R_Ex_frmd	optimal	1.116836
iUL909.xml	obj	R_Ex_fru	optimal	1.116836
iUL909.xml	obj	R_Ex_fum	optimal	1.116836
iUL909.xml	obj	R_Ex_g3pc	optimal	1.116836
iUL909.xml	obj	R_Ex_g3pi	optimal	1.116836
iUL909.xml	obj	R_Ex_gal	optimal	1.116836
iUL909.xml	obj	R_Ex_galur	optimal	1.116836
iUL909.xml	obj	R_Ex_gam6p	optimal	1.116836
iUL909.xml	obj	R_Ex_gcald	optimal	1.116836
iUL909.xml	obj	R_Ex_glc_D	infeasible	
iUL909.xml	obj	R_Ex_gln_L	optimal	1.116836
iUL909.xml	obj	R_Ex_glu_L	optimal	1.116836
iUL909.xml	obj	R_Ex_glx	optimal	1.116836
iUL909.xml	obj	R_Ex_gly	optimal	1.116836
iUL909.xml	obj	R_Ex_glyc	optimal	1.116836
iUL909.xml	obj	R_Ex_gsn	optimal	1.116836
iUL909.xml	obj	R_Ex_gthox	optimal	1.116836
iUL909.xml	obj	R_Ex_gthrd	optimal	1.116836
iUL909.xml	obj	R_Ex_gua	optimal	1.116836
iUL909.xml	obj	R_Ex_h	optimal	1.116836
iUL909.xml	obj	R_Ex_h2o	optimal	0.150443
iUL909.xml	obj	R_Ex_hdca	optimal	1.116836
iUL909.xml	obj	R_Ex_hdcea	optimal	1.116836
iUL909.xml	obj	R_Ex_his_L	optimal	1.116836
iUL909.xml	obj	R_Ex_hxan	optimal	1.116836
iUL909.xml	obj	R_Ex_iamac	optimal	1.116836
iUL909.xml	obj	R_Ex_iamoh	optimal	1.116836
iUL909.xml	obj	R_Ex_ibutac	optimal	1.116836
iUL909.xml	obj	R_Ex_ibutoh	optimal	1.116836
iUL909.xml	obj	R_Ex_id3acald	optimal	1.116836
iUL909.xml	obj	R_Ex_ile_L	optimal	1.116836
iUL909.xml	obj	R_Ex_ind3eth	optimal	1.116836
iUL909.xml	obj	R_Ex_inost	optimal	1.116836
iUL909.xml	obj	R_Ex_ins	optimal	1.116836
iUL909.xml	obj	R_Ex_k	optimal	1.116836
iUL909.xml	obj	R_Ex_lac_D	optimal	1.116836
iUL909.xml	obj	R_Ex_lac_L	optimal	1.116836
iUL909.xml	obj	R_Ex_lanost	optimal	1.116836
iUL909.xml	obj	R_Ex_lanostest_SC	optimal	1.116836
iUL909.xml	obj	R_Ex_leu_L	optimal	1.116836
iUL909.xml	obj	R_Ex_lmn	optimal	1.116836
iUL909.xml	obj	R_Ex_lys_L	optimal	1.116836
iUL909.xml	obj	R_Ex_mal_L	optimal	1.116836
iUL909.xml	obj	R_Ex_malt	optimal	1.116836
iUL909.xml	obj	R_Ex_maltl	optimal	1.116836
iUL909.xml	obj	R_Ex_man	optimal	1.116836
iUL909.xml	obj	R_Ex_melib	optimal	1.116836
iUL909.xml	obj	R_Ex_melzit	optimal	1.116836
iUL909.xml	obj	R_Ex_meoh	optimal	1.116836
iUL909.xml	obj	R_Ex_met_L	optimal	1.116836
iUL909.xml	obj	R_Ex_mitril	optimal	1.116836
iUL909.xml	obj	R_Ex_mmet	optimal	1.116836
iUL909.xml	obj	R_Ex_mnl	optimal	1.116836
iUL909.xml	obj	R_Ex_mtose	optimal	1.116836
iUL909.xml	obj	R_Ex_na1	optimal	1.116836
iUL909.xml	obj	R_Ex_nac	optimal	1.116836
iUL909.xml	obj	R_Ex_nadp	optimal	1.116836
iUL909.xml	obj	R_Ex_nh4	optimal	0.0
iUL909.xml	obj	R_Ex_nmn	optimal	1.116836
iUL909.xml	obj	R_Ex_no3	optimal	1.116836
iUL909.xml	obj	R_Ex_o2	optimal	0.006928
iUL909.xml	obj	R_Ex_oaa	optimal	1.116836
iUL909.xml	obj	R_Ex_ocdca	optimal	1.116836
iUL909.xml	obj	R_Ex_ocdcea	optimal	1.116836
iUL909.xml	obj	R_Ex_ocdcya	optimal	1.116836
iUL909.xml	obj	R_Ex_omal	optimal	1.116836
iUL909.xml	obj	R_Ex_orn	optimal	1.116836
iUL909.xml	obj	R_Ex_pacald	optimal	1.116836
iUL909.xml	obj	R_Ex_pala	optimal	1.116836
iUL909.xml	obj	R_Ex_pap	optimal	1.116836
iUL909.xml	obj	R_Ex_pc_SC	optimal	1.116836
iUL909.xml	obj	R_Ex_pectin	optimal	1.116836
iUL909.xml	obj	R_Ex_phe_L	optimal	1.116836
iUL909.xml	obj	R_Ex_pheac	optimal	1.116836
iUL909.xml	obj	R_Ex_pi	optimal	0.0
iUL909.xml	obj	R_Ex_pnto_R	optimal	1.116836
iUL909.xml	obj	R_Ex_pro_L	optimal	1.116836
iUL909.xml	obj	R_Ex_progly	optimal	1.116836
iUL909.xml	obj	R_Ex_psi_D	optimal	1.116836
iUL909.xml	obj	R_Ex_ptd1ino_SC	optimal	1.116836
iUL909.xml	obj	R_Ex_ptrc	optimal	1.116836
iUL909.xml	obj	R_Ex_pyr	optimal	1.116836
iUL909.xml	obj	R_Ex_rbt	optimal	1.116836
iUL909.xml	obj	R_Ex_rfn_D	optimal	1.116836
iUL909.xml	obj	R_Ex_rib_D	optimal	1.116836
iUL909.xml	obj	R_Ex_ribflv	optimal	1.116836
iUL909.xml	obj	R_Ex_rmn	optimal	1.116836
iUL909.xml	obj	R_Ex_s	optimal	1.116836
iUL909.xml	obj	R_Ex_sbt_D	optimal	1.116836
iUL909.xml	obj	R_Ex_sbt_L	optimal	1.116836
iUL909.xml	obj	R_Ex_ser_L	optimal	1.116836
iUL909.xml	obj	R_Ex_so3	optimal	1.116836
iUL909.xml	obj	R_Ex_so4	optimal	0.0
iUL909.xml	obj	R_Ex_spmd	optimal	1.116836
iUL909.xml	obj	R_Ex_sprm	optimal	1.116836
iUL909.xml	obj	R_Ex_srb_L	optimal	1.116836
iUL909.xml	obj	R_Ex_succ	optimal	1.116836
iUL909.xml	obj	R_Ex_sucr	optimal	1.116836
iUL909.xml	obj	R_Ex_taur	optimal	1.116836
iUL909.xml	obj	R_Ex_thm	optimal	1.116836
iUL909.xml	obj	R_Ex_thmmp	optimal	1.116836
iUL909.xml	obj	R_Ex_thmpp	optimal	1.116836
iUL909.xml	obj	R_Ex_thr_L	optimal	1.116836
iUL909.xml	obj	R_Ex_thym	optimal	1.116836
iUL909.xml	obj	R_Ex_thymd	optimal	1.116836
iUL909.xml	obj	R_Ex_tre	optimal	1.116836
iUL909.xml	obj	R_Ex_trp_L	optimal	1.116836
iUL909.xml	obj	R_Ex_ttdca	optimal	1.116836
iUL909.xml	obj	R_Ex_tur	optimal	1.116836
iUL909.xml	obj	R_Ex_tyr_L	optimal	1.116836
iUL909.xml	obj	R_Ex_ura	optimal	1.116836
iUL909.xml	obj	R_Ex_urea	optimal	1.116836
iUL909.xml	obj	R_Ex_uri	optimal	1.116836
iUL909.xml	obj	R_Ex_val_L	optimal	1.116836
iUL909.xml	obj	R_Ex_xan	optimal	1.116836
iUL909.xml	obj	R_Ex_xtsn	optimal	1.116836
iUL909.xml	obj	R_Ex_xyl_D	optimal	1.116836
iUL909.xml	obj	R_Ex_xylt	optimal	1.116836
iUL909.xml	obj	R_Ex_zymst	optimal	1.116836
iUL909.xml	obj	R_Ex_zymstest_SC	optimal	1.116836
iUL909.xml	obj	R_FA100tp	optimal	1.116836
iUL909.xml	obj	R_FA120ACPH	optimal	1.116836
iUL909.xml	obj	R_FA120tp	optimal	1.116836
iUL909.xml	obj	R_FA140ACPH	optimal	1.116836
iUL909.xml	obj	R_FA140COAabcp	optimal	1.116836
iUL909.xml	obj	R_FA140tpc	optimal	1.116836
iUL909.xml	obj	R_FA141COAabcp	optimal	1.116836
iUL909.xml	obj	R_FA141tpc	optimal	1.116836
iUL909.xml	obj	R_FA160ACPH	optimal	1.116836
iUL909.xml	obj	R_FA160COAabcp	optimal	1.116836
iUL909.xml	obj	R_FA160tpc	optimal	1.116836
iUL909.xml	obj	R_FA161COAabcp	optimal	1.116836
iUL909.xml	obj	R_FA161tpc	optimal	1.116836
iUL909.xml	obj	R_FA180ACPH	optimal	1.116836
iUL909.xml	obj	R_FA180COAabcp	optimal	1.116836
iUL909.xml	obj	R_FA180tpc	optimal	1.116836
iUL909.xml	obj	R_FA181COAabcp	optimal	1.116836
iUL909.xml	obj	R_FA181tpc	optimal	1.116836
iUL909.xml	obj	R_FA182COAabcp	optimal	1.116836
iUL909.xml	obj	R_FA182tpc	optimal	1.116836
iUL909.xml	obj	R_FA183COAabcp	optimal	1.116836
iUL909.xml	obj	R_FA183tpc	optimal	1.116836
iUL909.xml	obj	R_FA200COAabcp	optimal	1.116836
iUL909.xml	obj	R_FA220COAabcp	optimal	1.116836
iUL909.xml	obj	R_FA240COAabcp	optimal	1.116836
iUL909.xml	obj	R_FA260COAabcp	optimal	1.116836
iUL909.xml	obj	R_FA260tpc	optimal	1.116836
iUL909.xml	obj	R_FA80tp	optimal	1.116836
iUL909.xml	obj	R_FACOAE140	optimal	1.116836
iUL909.xml	obj	R_FACOAE160	optimal	1.116836
iUL909.xml	obj	R_FACOAE180	optimal	1.116836
iUL909.xml	obj	R_FACOAL100p	optimal	1.116836
iUL909.xml	obj	R_FACOAL120p	optimal	1.116836
iUL909.xml	obj	R_FACOAL140	optimal	1.116836
iUL909.xml	obj	R_FACOAL140p	optimal	1.116836
iUL909.xml	obj	R_FACOAL141	optimal	1.116836
iUL909.xml	obj	R_FACOAL141p	optimal	1.116836
iUL909.xml	obj	R_FACOAL160	optimal	1.116836
iUL909.xml	obj	R_FACOAL160p	optimal	1.116836
iUL909.xml	obj	R_FACOAL161	optimal	1.116836
iUL909.xml	obj	R_FACOAL161p	optimal	1.116836
iUL909.xml	obj	R_FACOAL180	optimal	1.116836
iUL909.xml	obj	R_FACOAL180p	optimal	1.116836
iUL909.xml	obj	R_FACOAL181	optimal	1.116836
iUL909.xml	obj	R_FACOAL181p	optimal	1.116836
iUL909.xml	obj	R_FACOAL182	optimal	1.116836
iUL909.xml	obj	R_FACOAL182p	optimal	1.116836
iUL909.xml	obj	R_FACOAL183	optimal	1.116836
iUL909.xml	obj	R_FACOAL183p	optimal	1.116836
iUL909.xml	obj	R_FACOAL240	optimal	1.116836
iUL909.xml	obj	R_FACOAL240p	optimal	1.116836
iUL909.xml	obj	R_FACOAL260	optimal	1.116836
iUL909.xml	obj	R_FACOAL260p	optimal	1.116836
iUL909.xml	obj	R_FACOAL80p	optimal	1.116836
iUL909.xml	obj	R_FACOAtm	optimal	1.116836
iUL909.xml	obj	R_FADDP	optimal	1.116836
iUL909.xml	obj	R_FADFMNtm	optimal	1.116836
iUL909.xml	obj	R_FAE1_14	optimal	1.116836
iUL909.xml	obj	R_FAE1_16	optimal	1.116836
iUL909.xml	obj	R_FAE1_18	optimal	1.116836
iUL909.xml	obj	R_FAE1_20	optimal	0.0
iUL909.xml	obj	R_FAE1_22	optimal	0.0
iUL909.xml	obj	R_FAE1_24	optimal	0.0
iUL909.xml	obj	R_FAE1_26	optimal	0.0
iUL909.xml	obj	R_FAE2_14	optimal	1.116836
iUL909.xml	obj	R_FAE2_16	optimal	1.116836
iUL909.xml	obj	R_FAE2_18	optimal	1.116836
iUL909.xml	obj	R_FAE2_20	optimal	0.0
iUL909.xml	obj	R_FAE2_22	optimal	0.0
iUL909.xml	obj	R_FAE2_24	optimal	0.0
iUL909.xml	obj	R_FAE2_26	optimal	0.0
iUL909.xml	obj	R_FAE3_14	optimal	1.116836
iUL909.xml	obj	R_FAE3_16	optimal	1.116836
iUL909.xml	obj	R_FAE3_18	optimal	1.116836
iUL909.xml	obj	R_FAE3_20	optimal	0.0
iUL909.xml	obj	R_FAE3_22	optimal	0.0
iUL909.xml	obj	R_FAE3_24	optimal	0.0
iUL909.xml	obj	R_FAE3_26	optimal	0.0
iUL909.xml	obj	R_FAE4_14	optimal	1.116836
iUL909.xml	obj	R_FAE4_16	optimal	1.116836
iUL909.xml	obj	R_FAE4_18	optimal	1.116836
iUL909.xml	obj	R_FAE4_20	optimal	0.0
iUL909.xml	obj	R_FAE4_22	optimal	0.0
iUL909.xml	obj	R_FAE4_24	optimal	0.0
iUL909.xml	obj	R_FAE4_26	optimal	0.0
iUL909.xml	obj	R_FALDH2	optimal	1.116836
iUL909.xml	obj	R_FALDtx	optimal	1.116836
iUL909.xml	obj	R_FALGTHLs	optimal	1.116836
iUL909.xml	obj	R_FAO141p_even	optimal	1.116836
iUL909.xml	obj	R_FAO141p_odd	optimal	1.116836
iUL909.xml	obj	R_FAO161p_even	optimal	1.116836
iUL909.xml	obj	R_FAO161p_odd	optimal	1.116836
iUL909.xml	obj	R_FAO181p_even	optimal	1.116836
iUL909.xml	obj	R_FAO181p_odd	optimal	1.116836
iUL909.xml	obj	R_FAO182p_even_even	optimal	1.116836
iUL909.xml	obj	R_FAO182p_even_odd	optimal	1.116836
iUL909.xml	obj	R_FAO182p_odd_odd	optimal	1.116836
iUL909.xml	obj	R_FAOXC183806x	optimal	1.116836
iUL909.xml	obj	R_FAPTPAH	optimal	0.0
iUL909.xml	obj	R_FARCOAtm	optimal	1.116836
iUL909.xml	obj	R_FARavge	optimal	1.116836
iUL909.xml	obj	R_FAS1_10	optimal	0.0
iUL909.xml	obj	R_FAS1_12	optimal	0.0
iUL909.xml	obj	R_FAS1_14	optimal	1.116836
iUL909.xml	obj	R_FAS1_16	optimal	1.116836
iUL909.xml	obj	R_FAS1_18	optimal	0.0
iUL909.xml	obj	R_FAS1_4	optimal	0.0
iUL909.xml	obj	R_FAS1_6	optimal	0.0
iUL909.xml	obj	R_FAS1_8	optimal	0.0
iUL909.xml	obj	R_FAS2_10	optimal	0.0
iUL909.xml	obj	R_FAS2_12	optimal	0.0
iUL909.xml	obj	R_FAS2_14	optimal	1.116836
iUL909.xml	obj	R_FAS2_16	optimal	1.116836
iUL909.xml	obj	R_FAS2_18	optimal	0.0
iUL909.xml	obj	R_FAS2_4	optimal	0.0
iUL909.xml	obj	R_FAS2_6	optimal	0.0
iUL909.xml	obj	R_FAS2_8	optimal	0.0
iUL909.xml	obj	R_FAS3_10	optimal	0.0
iUL909.xml	obj	R_FAS3_12	optimal	0.0
iUL909.xml	obj	R_FAS3_14	optimal	1.116836
iUL909.xml	obj	R_FAS3_16	optimal	1.116836
iUL909.xml	obj	R_FAS3_18	optimal	0.0
iUL909.xml	obj	R_FAS3_4	optimal	0.0
iUL909.xml	obj	R_FAS3_6	optimal	0.0
iUL909.xml	obj	R_FAS3_8	optimal	0.0
iUL909.xml	obj	R_FAS4_10	optimal	0.0
iUL909.xml	obj	R_FAS4_12	optimal	0.0
iUL909.xml	obj	R_FAS4_14	optimal	1.116836
iUL909.xml	obj	R_FAS4_16	optimal	1.116836
iUL909.xml	obj	R_FAS4_18	optimal	0.0
iUL909.xml	obj	R_FAS4_4	optimal	0.0
iUL909.xml	obj	R_FAS4_6	optimal	0.0
iUL909.xml	obj	R_FAS4_8	optimal	0.0
iUL909.xml	obj	R_FAS5_12	optimal	1.116836
iUL909.xml	obj	R_FAS5_14	optimal	1.116836
iUL909.xml	obj	R_FAS5_16	optimal	1.116836
iUL909.xml	obj	R_FAS5_18	optimal	1.115838
iUL909.xml	obj	R_FAcoaRavge	optimal	0.0
iUL909.xml	obj	R_FBA	optimal	1.116836
iUL909.xml	obj	R_FBA2	optimal	1.116836
iUL909.xml	obj	R_FBA3	optimal	1.116836
iUL909.xml	obj	R_FBA3x	optimal	1.116836
iUL909.xml	obj	R_FBAx	optimal	1.116836
iUL909.xml	obj	R_FBP	optimal	1.116836
iUL909.xml	obj	R_FBP26	optimal	1.116836
iUL909.xml	obj	R_FBPx	optimal	1.116836
iUL909.xml	obj	R_FCLTm	optimal	0.0
iUL909.xml	obj	R_FCYTB5R	optimal	1.116757
iUL909.xml	obj	R_FCYTDESAT18	optimal	1.116757
iUL909.xml	obj	R_FDH	optimal	1.116795
iUL909.xml	obj	R_FE2t	optimal	0.0
iUL909.xml	obj	R_FECOSTAT_PP	optimal	0.0
iUL909.xml	obj	R_FECOSTESTH_PP	optimal	1.116836
iUL909.xml	obj	R_FECOSTESTH_Ppe	optimal	1.116836
iUL909.xml	obj	R_FECOSTt	optimal	1.116836
iUL909.xml	obj	R_FEROc	optimal	1.116836
iUL909.xml	obj	R_FEt1m	optimal	0.0
iUL909.xml	obj	R_FICYTCS	optimal	1.116836
iUL909.xml	obj	R_FKYNH	optimal	1.116836
iUL909.xml	obj	R_FLDO	optimal	1.116836
iUL909.xml	obj	R_FMNAT	optimal	0.0
iUL909.xml	obj	R_FMNATm	optimal	1.116836
iUL909.xml	obj	R_FMNRx	optimal	1.116836
iUL909.xml	obj	R_FOLD3	optimal	1.116836
iUL909.xml	obj	R_FOLD3m	optimal	1.116836
iUL909.xml	obj	R_FOLR	optimal	1.116836
iUL909.xml	obj	R_FOLR2m	optimal	1.116836
iUL909.xml	obj	R_FOMETR	optimal	1.116836
iUL909.xml	obj	R_FORA	optimal	1.116836
iUL909.xml	obj	R_FORt	optimal	1.116836
iUL909.xml	obj	R_FORtrn	optimal	1.116836
iUL909.xml	obj	R_FRDO	optimal	1.116836
iUL909.xml	obj	R_FRDPtm	optimal	1.116836
iUL909.xml	obj	R_FRMDt	optimal	1.116836
iUL909.xml	obj	R_FRTT	optimal	0.0
iUL909.xml	obj	R_FRUK	optimal	1.116836
iUL909.xml	obj	R_FRUt2	optimal	1.116836
iUL909.xml	obj	R_FTCD	optimal	1.116836
iUL909.xml	obj	R_FTHFCL	optimal	1.116836
iUL909.xml	obj	R_FTHFCLm	optimal	1.116836
iUL909.xml	obj	R_FTHFDH	optimal	1.116836
iUL909.xml	obj	R_FTHFDHm	optimal	1.116836
iUL909.xml	obj	R_FTHFL2	optimal	1.116836
iUL909.xml	obj	R_FTHFLi	optimal	1.116836
iUL909.xml	obj	R_FTHFLmi	optimal	1.116836
iUL909.xml	obj	R_FUM	optimal	0.0
iUL909.xml	obj	R_FUMAC	optimal	1.116836
iUL909.xml	obj	R_FUMm	optimal	1.116836
iUL909.xml	obj	R_FUMt2r	optimal	1.116836
iUL909.xml	obj	R_G12MT1	optimal	1.116836
iUL909.xml	obj	R_G12MT1g	optimal	1.116836
iUL909.xml	obj	R_G12MT2	optimal	1.116836
iUL909.xml	obj	R_G12MT2g	optimal	1.116836
iUL909.xml	obj	R_G13MT	optimal	1.116836
iUL909.xml	obj	R_G13MTg	optimal	1.116836
iUL909.xml	obj	R_G15LACH	optimal	1.116836
iUL909.xml	obj	R_G16MT	optimal	1.116836
iUL909.xml	obj	R_G16MTg	optimal	1.116836
iUL909.xml	obj	R_G3PCt	optimal	1.116836
iUL909.xml	obj	R_G3PD1ir	optimal	1.116836
iUL909.xml	obj	R_G3PD1irm	optimal	1.116836
iUL909.xml	obj	R_G3PDm	optimal	1.116836
iUL909.xml	obj	R_G3PIt	optimal	1.116836
iUL909.xml	obj	R_G3PT	optimal	1.116836
iUL909.xml	obj	R_G3Ptx	optimal	1.116836
iUL909.xml	obj	R_G5SADr	optimal	1.116836
iUL909.xml	obj	R_G5SADsm	optimal	1.116355
iUL909.xml	obj	R_G5SD	optimal	1.116836
iUL909.xml	obj	R_G5SD2	optimal	1.116836
iUL909.xml	obj	R_G6PDA	optimal	1.116836
iUL909.xml	obj	R_G6PDH2	optimal	1.116836
iUL909.xml	obj	R_G6PI	optimal	1.116836
iUL909.xml	obj	R_G6PI3	optimal	1.116836
iUL909.xml	obj	R_GALTe	optimal	1.116836
iUL909.xml	obj	R_GALU	optimal	0.0
iUL909.xml	obj	R_GALURUT	optimal	1.116836
iUL909.xml	obj	R_GALt2	optimal	1.116836
iUL909.xml	obj	R_GAM6Pt	optimal	1.116836
iUL909.xml	obj	R_GAPD	optimal	0.980357
iUL909.xml	obj	R_GARFTi	optimal	0.0
iUL909.xml	obj	R_GAT1_PP	optimal	1.116798
iUL909.xml	obj	R_GAT2_PP	optimal	1.116836
iUL909.xml	obj	R_GBEZ	optimal	1.116836
iUL909.xml	obj	R_GCALDD	optimal	0.0
iUL909.xml	obj	R_GCALDt	optimal	1.116836
iUL909.xml	obj	R_GCALDtm	optimal	0.0
iUL909.xml	obj	R_GCC2am	optimal	1.116836
iUL909.xml	obj	R_GCC2bim	optimal	1.116836
iUL909.xml	obj	R_GCC2cm	optimal	1.116836
iUL909.xml	obj	R_GCCam	optimal	1.116836
iUL909.xml	obj	R_GCCbim	optimal	1.116836
iUL909.xml	obj	R_GCCcm	optimal	1.116836
iUL909.xml	obj	R_GDPMANNtg	optimal	1.116836
iUL909.xml	obj	R_GDPMANter	optimal	1.116836
iUL909.xml	obj	R_GDPtg	optimal	1.116836
iUL909.xml	obj	R_GDPtn	optimal	1.116836
iUL909.xml	obj	R_GF6PTA	optimal	0.0
iUL909.xml	obj	R_GGLGH	optimal	1.116836
iUL909.xml	obj	R_GGLUCTC	optimal	1.116836
iUL909.xml	obj	R_GGTT	optimal	1.116836
iUL909.xml	obj	R_GHMT2r	optimal	1.11661
iUL909.xml	obj	R_GHMT2rm	optimal	1.116836
iUL909.xml	obj	R_GHMT3	optimal	1.116836
iUL909.xml	obj	R_GK1	optimal	1.116836
iUL909.xml	obj	R_GK2	optimal	1.116836
iUL909.xml	obj	R_GLA	optimal	1.116836
iUL909.xml	obj	R_GLCCERS16d4	optimal	1.116836
iUL909.xml	obj	R_GLCCERS16d8	optimal	0.0
iUL909.xml	obj	R_GLCCERS16m9	optimal	0.0
iUL909.xml	obj	R_GLCCERS18	optimal	0.0
iUL909.xml	obj	R_GLCCERS18d4	optimal	0.0
iUL909.xml	obj	R_GLCCERS18d8	optimal	0.0
iUL909.xml	obj	R_GLCCERS18m9	optimal	0.0
iUL909.xml	obj	R_GLCCERavg	optimal	0.0
iUL909.xml	obj	R_GLCGSD	optimal	1.116836
iUL909.xml	obj	R_GLCGSDv	optimal	1.116836
iUL909.xml	obj	R_GLCISO	optimal	1.116836
iUL909.xml	obj	R_GLCNACPT	optimal	1.116836
iUL909.xml	obj	R_GLCNACT	optimal	1.116836
iUL909.xml	obj	R_GLCNtv	optimal	1.116836
iUL909.xml	obj	R_GLCP	optimal	1.116836
iUL909.xml	obj	R_GLCS2	optimal	0.0
iUL909.xml	obj	R_GLCt1	infeasible	
iUL909.xml	obj	R_GLCter	optimal	1.116836
iUL909.xml	obj	R_GLCtv	optimal	1.116836
iUL909.xml	obj	R_GLNFRDOX	optimal	1.116836
iUL909.xml	obj	R_GLNS	optimal	0.0
iUL909.xml	obj	R_GLNt2n	optimal	1.116836
iUL909.xml	obj	R_GLNt2r	optimal	1.116836
iUL909.xml	obj	R_GLNt6	optimal	1.116836
iUL909.xml	obj	R_GLNt7	optimal	1.116836
iUL909.xml	obj	R_GLNtm	optimal	1.116836
iUL909.xml	obj	R_GLPYAT	optimal	1.116836
iUL909.xml	obj	R_GLU5K	optimal	1.116836
iUL909.xml	obj	R_GLUCYS	optimal	0.0
iUL909.xml	obj	R_GLUDC	optimal	1.116836
iUL909.xml	obj	R_GLUDxi	optimal	1.116836
iUL909.xml	obj	R_GLUDyi	optimal	1.102366
iUL909.xml	obj	R_GLUK	optimal	1.116836
iUL909.xml	obj	R_GLUN	optimal	1.116836
iUL909.xml	obj	R_GLUPRT	optimal	0.0
iUL909.xml	obj	R_GLUSx	optimal	1.116836
iUL909.xml	obj	R_GLUSy	optimal	1.116836
iUL909.xml	obj	R_GLUTCOADHc	optimal	1.113769
iUL909.xml	obj	R_GLUt2n	optimal	1.116836
iUL909.xml	obj	R_GLUt2r	optimal	1.116836
iUL909.xml	obj	R_GLUt7	optimal	1.116836
iUL909.xml	obj	R_GLUt7m	optimal	1.115187
iUL909.xml	obj	R_GLXt	optimal	1.116836
iUL909.xml	obj	R_GLXtp	optimal	1.116836
iUL909.xml	obj	R_GLYAT	optimal	1.116836
iUL909.xml	obj	R_GLYC3Ptmc	optimal	1.116836
iUL909.xml	obj	R_GLYCDy	optimal	1.116836
iUL909.xml	obj	R_GLYCERIDES	optimal	0.0
iUL909.xml	obj	R_GLYCLTDy	optimal	0.0
iUL909.xml	obj	R_GLYCLm	optimal	1.116836
iUL909.xml	obj	R_GLYCt	optimal	1.116836
iUL909.xml	obj	R_GLYCt2	optimal	1.116836
iUL909.xml	obj	R_GLYK	optimal	1.116836
iUL909.xml	obj	R_GLYO1	optimal	1.116836
iUL909.xml	obj	R_GLYOX	optimal	1.116836
iUL909.xml	obj	R_GLYOXm	optimal	1.116836
iUL909.xml	obj	R_GLYt2r	optimal	1.116836
iUL909.xml	obj	R_GLYtm	optimal	1.11683
iUL909.xml	obj	R_GMPS2	optimal	0.0
iUL909.xml	obj	R_GNADPXRT	optimal	1.116836
iUL909.xml	obj	R_GNADXRT	optimal	1.116836
iUL909.xml	obj	R_GND	optimal	1.104407
iUL909.xml	obj	R_GNK	optimal	1.116836
iUL909.xml	obj	R_GPAILter	optimal	1.116836
iUL909.xml	obj	R_GPDDA1	optimal	1.116836
iUL909.xml	obj	R_GPDDA2	optimal	1.116836
iUL909.xml	obj	R_GPIAT	optimal	1.116836
iUL909.xml	obj	R_GPIMTer	optimal	1.116836
iUL909.xml	obj	R_GRTT	optimal	0.0
iUL909.xml	obj	R_GSNK	optimal	1.116836
iUL909.xml	obj	R_GSNt2	optimal	1.116836
iUL909.xml	obj	R_GSNtm	optimal	1.116836
iUL909.xml	obj	R_GTHO	optimal	1.116836
iUL909.xml	obj	R_GTHOXti	optimal	1.116836
iUL909.xml	obj	R_GTHOXtm	optimal	1.116836
iUL909.xml	obj	R_GTHOm	optimal	1.116836
iUL909.xml	obj	R_GTHP	optimal	1.116836
iUL909.xml	obj	R_GTHPm	optimal	1.116836
iUL909.xml	obj	R_GTHRDHpp	optimal	1.116836
iUL909.xml	obj	R_GTHRDabcv	optimal	1.116836
iUL909.xml	obj	R_GTHRDt2	optimal	1.116836
iUL909.xml	obj	R_GTHRDtm	optimal	1.116836
iUL909.xml	obj	R_GTHS	optimal	0.0
iUL909.xml	obj	R_GTMLT	optimal	1.116836
iUL909.xml	obj	R_GTP89H	optimal	0.0
iUL909.xml	obj	R_GTPCII	optimal	0.0
iUL909.xml	obj	R_GTPGDPtv	optimal	1.116836
iUL909.xml	obj	R_GTPH1	optimal	1.116836
iUL909.xml	obj	R_GTPt2m	optimal	1.116836
iUL909.xml	obj	R_GTPtv	optimal	1.116836
iUL909.xml	obj	R_GUACYC	optimal	1.116836
iUL909.xml	obj	R_GUAD	optimal	1.116836
iUL909.xml	obj	R_GUAPRT	optimal	1.116836
iUL909.xml	obj	R_GUAt2r	optimal	1.116836
iUL909.xml	obj	R_GUAtm	optimal	1.116836
iUL909.xml	obj	R_GluForTx	optimal	1.116836
iUL909.xml	obj	R_H2ETer	optimal	1.116836
iUL909.xml	obj	R_H2O2ter	optimal	1.116836
iUL909.xml	obj	R_H2O2tn	optimal	1.116836
iUL909.xml	obj	R_H2Ot	optimal	0.150443
iUL909.xml	obj	R_H2Oter	optimal	1.116836
iUL909.xml	obj	R_H2Otg	optimal	1.116836
iUL909.xml	obj	R_H2Otm	optimal	0.790237
iUL909.xml	obj	R_H2Otn	optimal	1.116836
iUL909.xml	obj	R_H2Otp	optimal	1.113411
iUL909.xml	obj	R_H2Otv	optimal	1.116836
iUL909.xml	obj	R_H2Stm	optimal	1.116836
iUL909.xml	obj	R_H5MTer	optimal	1.116836
iUL909.xml	obj	R_H6ET3er	optimal	1.116836
iUL909.xml	obj	R_H6MTer	optimal	1.116836
iUL909.xml	obj	R_H6MTg	optimal	1.116836
iUL909.xml	obj	R_HACD1	optimal	1.116836
iUL909.xml	obj	R_HACD10p	optimal	1.116836
iUL909.xml	obj	R_HACD1x	optimal	1.113769
iUL909.xml	obj	R_HACD2x	optimal	1.116836
iUL909.xml	obj	R_HACD3x	optimal	1.116836
iUL909.xml	obj	R_HACD4p	optimal	1.116836
iUL909.xml	obj	R_HACD5p	optimal	1.116836
iUL909.xml	obj	R_HACD6p	optimal	1.116836
iUL909.xml	obj	R_HACD7p	optimal	1.116836
iUL909.xml	obj	R_HACD8p	optimal	1.116836
iUL909.xml	obj	R_HACD9m	optimal	1.116836
iUL909.xml	obj	R_HACDp20	optimal	1.116836
iUL909.xml	obj	R_HACDp22	optimal	1.116836
iUL909.xml	obj	R_HACDp24	optimal	1.116836
iUL909.xml	obj	R_HACNHm	optimal	1.094685
iUL909.xml	obj	R_HBAt	optimal	1.116836
iUL909.xml	obj	R_HBZOPT6m	optimal	0.0
iUL909.xml	obj	R_HCITSm	optimal	1.094685
iUL909.xml	obj	R_HCITSn	optimal	1.116836
iUL909.xml	obj	R_HCITtm	optimal	1.116836
iUL909.xml	obj	R_HCO3DH	optimal	1.116836
iUL909.xml	obj	R_HCO3E	optimal	1.116836
iUL909.xml	obj	R_HCO3Em	optimal	1.116836
iUL909.xml	obj	R_HCO3En	optimal	1.116836
iUL909.xml	obj	R_HCO3tn	optimal	1.116836
iUL909.xml	obj	R_HCYSMT	optimal	1.116836
iUL909.xml	obj	R_HCYSt2p	optimal	1.116836
iUL909.xml	obj	R_HDCAt	optimal	1.116836
iUL909.xml	obj	R_HDCEAt	optimal	1.116836
iUL909.xml	obj	R_HEMEOMOm	optimal	1.116836
iUL909.xml	obj	R_HEMEOSm	optimal	1.116836
iUL909.xml	obj	R_HETZK	optimal	1.116836
iUL909.xml	obj	R_HEX1	optimal	1.116836
iUL909.xml	obj	R_HEX4	optimal	1.116836
iUL909.xml	obj	R_HEX7	optimal	1.116836
iUL909.xml	obj	R_HEXDPtm	optimal	1.116836
iUL909.xml	obj	R_HGNTOR	optimal	1.116836
iUL909.xml	obj	R_HIBDm	optimal	1.116836
iUL909.xml	obj	R_HICITDm	optimal	1.094685
iUL909.xml	obj	R_HISD	optimal	1.116836
iUL909.xml	obj	R_HISTD	optimal	0.0
iUL909.xml	obj	R_HISTD1	optimal	0.0
iUL909.xml	obj	R_HISTP	optimal	0.0
iUL909.xml	obj	R_HISt2m	optimal	1.116836
iUL909.xml	obj	R_HISt2r	optimal	1.116836
iUL909.xml	obj	R_HISt6	optimal	1.116836
iUL909.xml	obj	R_HKYNH	optimal	1.116836
iUL909.xml	obj	R_HMBS	optimal	0.0
iUL909.xml	obj	R_HMGCOAR	optimal	0.0
iUL909.xml	obj	R_HMGCOAS	optimal	1.116836
iUL909.xml	obj	R_HMGCOASm	optimal	1.115969
iUL909.xml	obj	R_HMGCOAtm	optimal	1.115969
iUL909.xml	obj	R_HMGLm	optimal	1.116836
iUL909.xml	obj	R_HMPK1	optimal	1.116836
iUL909.xml	obj	R_HOMtm	optimal	1.116836
iUL909.xml	obj	R_HPPKm	optimal	1.116836
iUL909.xml	obj	R_HPROa	optimal	1.116836
iUL909.xml	obj	R_HPROb	optimal	1.116836
iUL909.xml	obj	R_HPROxm	optimal	1.116836
iUL909.xml	obj	R_HPROym	optimal	1.116836
iUL909.xml	obj	R_HSDxi	optimal	1.116711
iUL909.xml	obj	R_HSDyi	optimal	1.116836
iUL909.xml	obj	R_HSERTA	optimal	1.116836
iUL909.xml	obj	R_HSERTAm	optimal	1.116836
iUL909.xml	obj	R_HSK	optimal	0.0
iUL909.xml	obj	R_HSTPT	optimal	0.0
iUL909.xml	obj	R_HXANt2r	optimal	1.116836
iUL909.xml	obj	R_HXDCALOR	optimal	1.116836
iUL909.xml	obj	R_HXDCEALR	optimal	1.116836
iUL909.xml	obj	R_HXPRT	optimal	1.116836
iUL909.xml	obj	R_HYPOE	optimal	1.116836
iUL909.xml	obj	R_HYPTAURDH	optimal	1.116836
iUL909.xml	obj	R_Ht	optimal	1.094342
iUL909.xml	obj	R_Htr	optimal	0.0
iUL909.xml	obj	R_IAMACt	optimal	1.116836
iUL909.xml	obj	R_IAMOHt	optimal	1.116836
iUL909.xml	obj	R_IAMOHtm	optimal	1.116836
iUL909.xml	obj	R_IBUTACt	optimal	1.116836
iUL909.xml	obj	R_IBUTOHt	optimal	1.116836
iUL909.xml	obj	R_IBUTOHtm	optimal	1.116836
iUL909.xml	obj	R_ICDHxm	optimal	1.116836
iUL909.xml	obj	R_ICDHy	optimal	1.116836
iUL909.xml	obj	R_ICDHym	optimal	1.116836
iUL909.xml	obj	R_ICDHyp	optimal	1.116836
iUL909.xml	obj	R_ICDOXSUC	optimal	1.116836
iUL909.xml	obj	R_ICDOXSUCm	optimal	1.116836
iUL909.xml	obj	R_ICL	optimal	1.116836
iUL909.xml	obj	R_ICLx	optimal	1.116836
iUL909.xml	obj	R_ID3ACALDt	optimal	1.116836
iUL909.xml	obj	R_ID3ACALDtm	optimal	1.116836
iUL909.xml	obj	R_IG3PS	optimal	0.0
iUL909.xml	obj	R_IGPDH	optimal	0.0
iUL909.xml	obj	R_IGPS	optimal	0.0
iUL909.xml	obj	R_ILETA	optimal	1.116836
iUL909.xml	obj	R_ILETAm	optimal	1.116836
iUL909.xml	obj	R_ILEt2r	optimal	1.116836
iUL909.xml	obj	R_ILEt6	optimal	1.116836
iUL909.xml	obj	R_ILEt7	optimal	1.116836
iUL909.xml	obj	R_ILEtmi	optimal	1.116836
iUL909.xml	obj	R_IMPC	optimal	0.0
iUL909.xml	obj	R_IMPD	optimal	0.0
iUL909.xml	obj	R_IND3ACS	optimal	1.116836
iUL909.xml	obj	R_IND3ACtm	optimal	1.116836
iUL909.xml	obj	R_IND3ETHt	optimal	1.116836
iUL909.xml	obj	R_IND3ETHtm	optimal	1.116836
iUL909.xml	obj	R_INDPYRD	optimal	1.116836
iUL909.xml	obj	R_INOSTK1	optimal	1.116836
iUL909.xml	obj	R_INSK	optimal	1.116836
iUL909.xml	obj	R_INSTt2	optimal	1.116836
iUL909.xml	obj	R_INSt2	optimal	1.116836
iUL909.xml	obj	R_IPC116PLC_PP	optimal	1.116836
iUL909.xml	obj	R_IPC118PLC_PP	optimal	1.116836
iUL909.xml	obj	R_IPC124PLC_PP	optimal	1.116836
iUL909.xml	obj	R_IPC126PLC_PP	optimal	1.116836
iUL909.xml	obj	R_IPC224PLC_PP	optimal	1.116836
iUL909.xml	obj	R_IPC226PLC_PP	optimal	1.116836
iUL909.xml	obj	R_IPC324PLC_PP	optimal	1.116836
iUL909.xml	obj	R_IPC326PLC_PP	optimal	1.116836
iUL909.xml	obj	R_IPC424PLC_PP	optimal	1.116836
iUL909.xml	obj	R_IPC426PLC_PP	optimal	1.116836
iUL909.xml	obj	R_IPCS116_PP	optimal	1.116836
iUL909.xml	obj	R_IPCS118_PP	optimal	0.0
iUL909.xml	obj	R_IPCS124_PP	optimal	1.116836
iUL909.xml	obj	R_IPCS126_PP	optimal	1.116836
iUL909.xml	obj	R_IPCS224_PP	optimal	0.0
iUL909.xml	obj	R_IPCS226_PP	optimal	0.0
iUL909.xml	obj	R_IPCS324_PP	optimal	0.0
iUL909.xml	obj	R_IPCS326_PP	optimal	0.0
iUL909.xml	obj	R_IPCS424_PP	optimal	0.0
iUL909.xml	obj	R_IPCS426_PP	optimal	0.0
iUL909.xml	obj	R_IPCavg	optimal	0.0
iUL909.xml	obj	R_IPDDI	optimal	0.0
iUL909.xml	obj	R_IPDPtm	optimal	1.116836
iUL909.xml	obj	R_IPMD	optimal	0.0
iUL909.xml	obj	R_IPPMIa	optimal	0.0
iUL909.xml	obj	R_IPPMIb	optimal	0.0
iUL909.xml	obj	R_IPPS	optimal	1.116836
iUL909.xml	obj	R_IPPSm	optimal	1.116836
iUL909.xml	obj	R_IRDL	optimal	1.116836
iUL909.xml	obj	R_ITCOALm	optimal	1.116836
iUL909.xml	obj	R_IZPN	optimal	1.116836
iUL909.xml	obj	R_KARA1im	optimal	0.0
iUL909.xml	obj	R_KAS14m	optimal	1.116836
iUL909.xml	obj	R_KATp20	optimal	1.116836
iUL909.xml	obj	R_KATp22	optimal	1.116836
iUL909.xml	obj	R_KATp24	optimal	1.116836
iUL909.xml	obj	R_KDRALD	optimal	1.116836
iUL909.xml	obj	R_KYN	optimal	1.116836
iUL909.xml	obj	R_KYN3OX	optimal	1.116836
iUL909.xml	obj	R_KYNAKGAT	optimal	1.116836
iUL909.xml	obj	R_Kt2	optimal	1.116836
iUL909.xml	obj	R_LALDO3	optimal	1.116836
iUL909.xml	obj	R_LANOSTAT_PP	optimal	0.0
iUL909.xml	obj	R_LANOSTD24	optimal	1.116836
iUL909.xml	obj	R_LANOSTESTH_PP	optimal	1.116836
iUL909.xml	obj	R_LANOSTESTH_Ppe	optimal	1.116836
iUL909.xml	obj	R_LANOSTt	optimal	1.116836
iUL909.xml	obj	R_LCAD	optimal	1.116836
iUL909.xml	obj	R_LCADtm	optimal	1.116836
iUL909.xml	obj	R_LCYSTINter	optimal	1.116836
iUL909.xml	obj	R_LCYSTintv	optimal	1.116836
iUL909.xml	obj	R_LEUTA	optimal	0.0
iUL909.xml	obj	R_LEUTAm	optimal	1.116836
iUL909.xml	obj	R_LEUt2r	optimal	1.116836
iUL909.xml	obj	R_LEUt6	optimal	1.116836
iUL909.xml	obj	R_LEUt7	optimal	1.116836
iUL909.xml	obj	R_LFORKYNHYD	optimal	1.116836
iUL909.xml	obj	R_LGTHL	optimal	1.116836
iUL909.xml	obj	R_LIPIDS	optimal	0.0
iUL909.xml	obj	R_LIPIDS_glyc	optimal	1.116836
iUL909.xml	obj	R_LIPIDS_meoh	optimal	1.116836
iUL909.xml	obj	R_LKYNRtm	optimal	1.116836
iUL909.xml	obj	R_LMNG	optimal	1.116836
iUL909.xml	obj	R_LNS14DM	optimal	1.116836
iUL909.xml	obj	R_LNS14DMx	optimal	1.116764
iUL909.xml	obj	R_LNSTLS	optimal	0.0
iUL909.xml	obj	R_LPACPN6LPT	optimal	1.116836
iUL909.xml	obj	R_LPASE	optimal	1.116836
iUL909.xml	obj	R_LPCAT_PP	optimal	1.116836
iUL909.xml	obj	R_LPEAT_PP	optimal	1.116836
iUL909.xml	obj	R_LPPROTL	optimal	1.116836
iUL909.xml	obj	R_LPP_PP	optimal	1.116836
iUL909.xml	obj	R_LPTAYYLT	optimal	1.116836
iUL909.xml	obj	R_LSERDHr	optimal	1.116836
iUL909.xml	obj	R_LSERDHr2	optimal	1.116836
iUL909.xml	obj	R_LTA4H	optimal	1.116836
iUL909.xml	obj	R_LYSMTF1n	optimal	1.116836
iUL909.xml	obj	R_LYSMTF2n	optimal	1.116836
iUL909.xml	obj	R_LYSMTF3n	optimal	1.116836
iUL909.xml	obj	R_LYSt2m	optimal	1.116836
iUL909.xml	obj	R_LYSt2r	optimal	1.116836
iUL909.xml	obj	R_LYSt6	optimal	1.116836
iUL909.xml	obj	R_L_ABTt	optimal	1.116836
iUL909.xml	obj	R_L_LACD2cm	optimal	1.116836
iUL909.xml	obj	R_L_LACDm	optimal	1.116836
iUL909.xml	obj	R_L_LACt	optimal	1.116836
iUL909.xml	obj	R_L_LACt2r	optimal	1.116836
iUL909.xml	obj	R_L_LACtm	optimal	1.116836
iUL909.xml	obj	R_M4BET2er	optimal	1.116836
iUL909.xml	obj	R_M4CET3er	optimal	1.116836
iUL909.xml	obj	R_M4MPDOLter	optimal	1.116836
iUL909.xml	obj	R_M7MASNBterg	optimal	1.116836
iUL909.xml	obj	R_MACACI	optimal	1.116836
iUL909.xml	obj	R_MAGL_PP	optimal	1.116836
iUL909.xml	obj	R_MALOAAtp	optimal	1.116836
iUL909.xml	obj	R_MALS	optimal	1.116836
iUL909.xml	obj	R_MALSUCCtm	optimal	1.116836
iUL909.xml	obj	R_MALSp	optimal	1.116836
iUL909.xml	obj	R_MALTLH	optimal	1.116836
iUL909.xml	obj	R_MALTt2	optimal	1.116836
iUL909.xml	obj	R_MALt2r	optimal	1.116836
iUL909.xml	obj	R_MALtm	optimal	1.116836
iUL909.xml	obj	R_MAN1PT	optimal	1.116836
iUL909.xml	obj	R_MAN1PT2	optimal	1.115343
iUL909.xml	obj	R_MAN6PI	optimal	0.0
iUL909.xml	obj	R_MANNANter	optimal	1.115164
iUL909.xml	obj	R_MANNANtg	optimal	1.116836
iUL909.xml	obj	R_MANt2	optimal	1.116836
iUL909.xml	obj	R_MANter	optimal	1.116836
iUL909.xml	obj	R_MANtv	optimal	1.116836
iUL909.xml	obj	R_MAOX	optimal	1.116836
iUL909.xml	obj	R_MCCCrm	optimal	1.116836
iUL909.xml	obj	R_MCITD	optimal	1.116836
iUL909.xml	obj	R_MCITDm	optimal	1.094685
iUL909.xml	obj	R_MCITL2m	optimal	1.116836
iUL909.xml	obj	R_MCITSm	optimal	1.116836
iUL909.xml	obj	R_MCOATA	optimal	0.0
iUL909.xml	obj	R_MCOATAm	optimal	1.116836
iUL909.xml	obj	R_MCPSULT	optimal	1.116836
iUL909.xml	obj	R_MDH	optimal	1.060623
iUL909.xml	obj	R_MDHm	optimal	1.088415
iUL909.xml	obj	R_MDHp	optimal	1.113769
iUL909.xml	obj	R_MDRPD	optimal	1.116836
iUL909.xml	obj	R_ME1	optimal	1.116836
iUL909.xml	obj	R_ME1m	optimal	1.116836
iUL909.xml	obj	R_ME2	optimal	1.116836
iUL909.xml	obj	R_ME2m	optimal	1.116836
iUL909.xml	obj	R_MELIBt2	optimal	1.116836
iUL909.xml	obj	R_MELZITt	optimal	1.116836
iUL909.xml	obj	R_METAT	optimal	0.0
iUL909.xml	obj	R_METHFtm	optimal	1.116836
iUL909.xml	obj	R_METOHte	optimal	1.116836
iUL909.xml	obj	R_METOHtx	optimal	1.116836
iUL909.xml	obj	R_METS	optimal	0.0
iUL909.xml	obj	R_METt2r	optimal	1.116836
iUL909.xml	obj	R_METtm	optimal	1.116836
iUL909.xml	obj	R_MEVK1	optimal	1.116836
iUL909.xml	obj	R_MEVK2	optimal	1.116836
iUL909.xml	obj	R_MEVK3	optimal	1.116836
iUL909.xml	obj	R_MEVK4	optimal	1.116836
iUL909.xml	obj	R_MFAPS_PP	optimal	0.0
iUL909.xml	obj	R_MG1er	optimal	1.116836
iUL909.xml	obj	R_MG2er	optimal	1.116836
iUL909.xml	obj	R_MG3er	optimal	1.116836
iUL909.xml	obj	R_MGCHrm	optimal	1.116836
iUL909.xml	obj	R_MGH	optimal	1.116836
iUL909.xml	obj	R_MGSA	optimal	1.116836
iUL909.xml	obj	R_MHPGLUT	optimal	1.116836
iUL909.xml	obj	R_MI13456PKn	optimal	1.116836
iUL909.xml	obj	R_MI13456Ptn	optimal	1.116836
iUL909.xml	obj	R_MI1345PKn	optimal	1.116836
iUL909.xml	obj	R_MI13PP	optimal	1.116836
iUL909.xml	obj	R_MI1456PKn	optimal	1.116836
iUL909.xml	obj	R_MI145P6Kc	optimal	1.116836
iUL909.xml	obj	R_MI145P6Kn	optimal	1.116836
iUL909.xml	obj	R_MI145PKn	optimal	1.116836
iUL909.xml	obj	R_MI145PP	optimal	1.116836
iUL909.xml	obj	R_MI145Ptn	optimal	1.116836
iUL909.xml	obj	R_MI14PP	optimal	1.116836
iUL909.xml	obj	R_MI1PP	optimal	1.116836
iUL909.xml	obj	R_MI3PP	optimal	0.0
iUL909.xml	obj	R_MI3PS	optimal	0.0
iUL909.xml	obj	R_MI4PP	optimal	1.116836
iUL909.xml	obj	R_MICITDm	optimal	1.116836
iUL909.xml	obj	R_MINOHPtn	optimal	1.116836
iUL909.xml	obj	R_MIP2C124PLC_PP	optimal	1.116836
iUL909.xml	obj	R_MIP2C126PLC_PP	optimal	1.116836
iUL909.xml	obj	R_MIP2C224PLC_PP	optimal	1.116836
iUL909.xml	obj	R_MIP2C226PLC_PP	optimal	1.116836
iUL909.xml	obj	R_MIP2C324PLC_PP	optimal	1.116836
iUL909.xml	obj	R_MIP2C326PLC_PP	optimal	1.116836
iUL909.xml	obj	R_MIP2CS124_PP	optimal	1.116836
iUL909.xml	obj	R_MIP2CS126_PP	optimal	1.116836
iUL909.xml	obj	R_MIP2CS224_PP	optimal	1.116836
iUL909.xml	obj	R_MIP2CS226_PP	optimal	1.116836
iUL909.xml	obj	R_MIP2CS324_PP	optimal	0.0
iUL909.xml	obj	R_MIP2CS326_PP	optimal	0.0
iUL909.xml	obj	R_MIP2Cavg	optimal	0.0
iUL909.xml	obj	R_MIPC124PLC_PP	optimal	1.116836
iUL909.xml	obj	R_MIPC126PLC_PP	optimal	1.116836
iUL909.xml	obj	R_MIPC224PLC_PP	optimal	1.116836
iUL909.xml	obj	R_MIPC226PLC_PP	optimal	1.116836
iUL909.xml	obj	R_MIPC324PLC_PP	optimal	1.116836
iUL909.xml	obj	R_MIPC326PLC_PP	optimal	1.116836
iUL909.xml	obj	R_MIPCS124_SC	optimal	1.116836
iUL909.xml	obj	R_MIPCS126_SC	optimal	1.116836
iUL909.xml	obj	R_MIPCS224_SC	optimal	1.116836
iUL909.xml	obj	R_MIPCS226_SC	optimal	1.116836
iUL909.xml	obj	R_MIPCS324_SC	optimal	0.0
iUL909.xml	obj	R_MIPCS326_SC	optimal	0.0
iUL909.xml	obj	R_MIPCS424_SC	optimal	0.0
iUL909.xml	obj	R_MIPCS426_SC	optimal	0.0
iUL909.xml	obj	R_MIPCavg	optimal	0.0
iUL909.xml	obj	R_MITRILt	optimal	1.116836
iUL909.xml	obj	R_MLCLPNAT	optimal	1.116836
iUL909.xml	obj	R_MM8Ber	optimal	1.116836
iUL909.xml	obj	R_MMETt2	optimal	1.116836
iUL909.xml	obj	R_MMSAD3	optimal	1.116836
iUL909.xml	obj	R_MMTSAO	optimal	1.116836
iUL909.xml	obj	R_MN1PP	optimal	1.116836
iUL909.xml	obj	R_MN6PR	optimal	1.116836
iUL909.xml	obj	R_MNDH	optimal	1.116836
iUL909.xml	obj	R_MNTt	optimal	1.116836
iUL909.xml	obj	R_MOHMT	optimal	0.0
iUL909.xml	obj	R_MPK	optimal	1.116836
iUL909.xml	obj	R_MTAN	optimal	1.116836
iUL909.xml	obj	R_MTAP	optimal	1.116836
iUL909.xml	obj	R_MTHFC	optimal	1.116663
iUL909.xml	obj	R_MTHFCm	optimal	1.116824
iUL909.xml	obj	R_MTHFD	optimal	1.116663
iUL909.xml	obj	R_MTHFD2i	optimal	1.116836
iUL909.xml	obj	R_MTHFDm	optimal	1.116824
iUL909.xml	obj	R_MTHFR3	optimal	0.0
iUL909.xml	obj	R_MTOSEt	optimal	1.116836
iUL909.xml	obj	R_MTRI	optimal	1.116836
iUL909.xml	obj	R_MTRK	optimal	1.116836
iUL909.xml	obj	R_MsmEFGK	optimal	1.116836
iUL909.xml	obj	R_NABTNO	optimal	1.116836
iUL909.xml	obj	R_NACt	optimal	1.116836
iUL909.xml	obj	R_NADDP	optimal	1.116836
iUL909.xml	obj	R_NADDPm	optimal	1.116836
iUL909.xml	obj	R_NADH2_u6cm	optimal	1.116836
iUL909.xml	obj	R_NADH2_u6m	optimal	1.116836
iUL909.xml	obj	R_NADH2_u6mh	optimal	0.970034
iUL909.xml	obj	R_NADHKm	optimal	1.116836
iUL909.xml	obj	R_NADHter	optimal	1.116812
iUL909.xml	obj	R_NADK	optimal	0.0
iUL909.xml	obj	R_NADKm	optimal	1.116836
iUL909.xml	obj	R_NADN	optimal	1.116836
iUL909.xml	obj	R_NADNm	optimal	1.116836
iUL909.xml	obj	R_NADPH2_u6cm	optimal	1.116836
iUL909.xml	obj	R_NADPHter	optimal	0.0
iUL909.xml	obj	R_NADPPPS	optimal	1.116836
iUL909.xml	obj	R_NADPPPSm	optimal	1.116836
iUL909.xml	obj	R_NADPt	optimal	1.116836
iUL909.xml	obj	R_NADPter	optimal	0.0
iUL909.xml	obj	R_NADS1	optimal	0.0
iUL909.xml	obj	R_NADS1n	optimal	1.116836
iUL909.xml	obj	R_NADS2m	optimal	1.116836
iUL909.xml	obj	R_NADter	optimal	1.116812
iUL909.xml	obj	R_NADtm	optimal	1.116836
iUL909.xml	obj	R_NADtn	optimal	1.116836
iUL909.xml	obj	R_NAPRT	optimal	1.116836
iUL909.xml	obj	R_NAPRTm	optimal	1.116836
iUL909.xml	obj	R_NARGNHOX	optimal	1.116836
iUL909.xml	obj	R_NAt3_1	optimal	1.116836
iUL909.xml	obj	R_NCAMtm	optimal	1.116836
iUL909.xml	obj	R_NDP1	optimal	1.116836
iUL909.xml	obj	R_NDP10	optimal	1.116836
iUL909.xml	obj	R_NDP11	optimal	1.116836
iUL909.xml	obj	R_NDP12	optimal	1.116836
iUL909.xml	obj	R_NDP3	optimal	1.116836
iUL909.xml	obj	R_NDP3g	optimal	1.116836
iUL909.xml	obj	R_NDP4	optimal	1.116836
iUL909.xml	obj	R_NDP7	optimal	1.116836
iUL909.xml	obj	R_NDPK1	optimal	1.116836
iUL909.xml	obj	R_NDPK10	optimal	1.116836
iUL909.xml	obj	R_NDPK2	optimal	1.116836
iUL909.xml	obj	R_NDPK3	optimal	1.116836
iUL909.xml	obj	R_NDPK4	optimal	1.116836
iUL909.xml	obj	R_NDPK5	optimal	1.116836
iUL909.xml	obj	R_NDPK6	optimal	1.116836
iUL909.xml	obj	R_NDPK7	optimal	1.116836
iUL909.xml	obj	R_NDPK8	optimal	1.116836
iUL909.xml	obj	R_NDPK9	optimal	1.116836
iUL909.xml	obj	R_NFORAH	optimal	1.116836
iUL909.xml	obj	R_NFORTYRS	optimal	1.116836
iUL909.xml	obj	R_NFORTYRt	optimal	1.116836
iUL909.xml	obj	R_NFTYROX	optimal	1.116836
iUL909.xml	obj	R_NH4t	optimal	0.0
iUL909.xml	obj	R_NH4ti	optimal	1.116836
iUL909.xml	obj	R_NH4tm	optimal	1.116817
iUL909.xml	obj	R_NH4tn	optimal	1.116836
iUL909.xml	obj	R_NH4tp	optimal	1.116836
iUL909.xml	obj	R_NICRNS	optimal	1.116836
iUL909.xml	obj	R_NICRNSm	optimal	1.116836
iUL909.xml	obj	R_NITR	optimal	1.116836
iUL909.xml	obj	R_NMNAT	optimal	1.116836
iUL909.xml	obj	R_NMNATm	optimal	1.116836
iUL909.xml	obj	R_NMNTP	optimal	1.116836
iUL909.xml	obj	R_NMNt2m	optimal	1.116836
iUL909.xml	obj	R_NMNt2p	optimal	1.116836
iUL909.xml	obj	R_NNAMr	optimal	1.116836
iUL909.xml	obj	R_NNAMrm	optimal	1.116836
iUL909.xml	obj	R_NNAT	optimal	0.0
iUL909.xml	obj	R_NNATm	optimal	1.116836
iUL909.xml	obj	R_NNDPR	optimal	0.0
iUL909.xml	obj	R_NNDPRm	optimal	1.116836
iUL909.xml	obj	R_NNMT	optimal	1.116836
iUL909.xml	obj	R_NO3t	optimal	1.116836
iUL909.xml	obj	R_NP1	optimal	1.116836
iUL909.xml	obj	R_NTD1	optimal	1.116836
iUL909.xml	obj	R_NTD10	optimal	1.116836
iUL909.xml	obj	R_NTD11	optimal	1.116836
iUL909.xml	obj	R_NTD2	optimal	1.116836
iUL909.xml	obj	R_NTD3	optimal	1.116836
iUL909.xml	obj	R_NTD4	optimal	1.116836
iUL909.xml	obj	R_NTD5	optimal	1.116836
iUL909.xml	obj	R_NTD6	optimal	1.116836
iUL909.xml	obj	R_NTD7	optimal	1.116836
iUL909.xml	obj	R_NTD8	optimal	1.116836
iUL909.xml	obj	R_NTD9	optimal	1.116836
iUL909.xml	obj	R_NTMELYSH	optimal	1.116836
iUL909.xml	obj	R_NTP1	optimal	1.116836
iUL909.xml	obj	R_NTP10	optimal	1.116836
iUL909.xml	obj	R_NTP1er	optimal	1.116836
iUL909.xml	obj	R_NTP1g	optimal	1.116836
iUL909.xml	obj	R_NTP1m	optimal	1.116836
iUL909.xml	obj	R_NTP3	optimal	1.116836
iUL909.xml	obj	R_NTP3v	optimal	1.116836
iUL909.xml	obj	R_NTP4	optimal	1.116836
iUL909.xml	obj	R_NTP5	optimal	1.116836
iUL909.xml	obj	R_NTP7	optimal	1.116836
iUL909.xml	obj	R_NTP9	optimal	1.116836
iUL909.xml	obj	R_NTPP1	optimal	1.116836
iUL909.xml	obj	R_NTRIR	optimal	1.116836
iUL909.xml	obj	R_Nglycmann	optimal	1.116836
iUL909.xml	obj	R_O2t	optimal	0.006928
iUL909.xml	obj	R_O2ter	optimal	0.0
iUL909.xml	obj	R_O2tm	optimal	0.0
iUL909.xml	obj	R_O2tx	optimal	1.116476
iUL909.xml	obj	R_OAAt	optimal	1.116836
iUL909.xml	obj	R_OAAt2m	optimal	1.116836
iUL909.xml	obj	R_OACPN6OT	optimal	1.116836
iUL909.xml	obj	R_OACPSST	optimal	1.116836
iUL909.xml	obj	R_OAM	optimal	1.116836
iUL909.xml	obj	R_OBDHc	optimal	1.116836
iUL909.xml	obj	R_OCBTi	optimal	0.0
iUL909.xml	obj	R_OCDCAt	optimal	1.116836
iUL909.xml	obj	R_OCDCEAt	optimal	1.116836
iUL909.xml	obj	R_OCDCYAt	optimal	1.116836
iUL909.xml	obj	R_ODCALOR	optimal	1.116836
iUL909.xml	obj	R_OGLA	optimal	1.116836
iUL909.xml	obj	R_OGLYCOS	optimal	1.116836
iUL909.xml	obj	R_OGLYCOStg	optimal	1.116836
iUL909.xml	obj	R_OHCUREIMDZLNCAR	optimal	1.116836
iUL909.xml	obj	R_OHPBAT	optimal	1.116836
iUL909.xml	obj	R_OLIGOPK	optimal	1.116836
iUL909.xml	obj	R_OMALL	optimal	1.116836
iUL909.xml	obj	R_OMALt	optimal	1.116836
iUL909.xml	obj	R_OMCDC	optimal	1.116836
iUL909.xml	obj	R_OMCDCm	optimal	1.116388
iUL909.xml	obj	R_OMPDC	optimal	0.0
iUL909.xml	obj	R_OPAH	optimal	1.116836
iUL909.xml	obj	R_OPMT1	optimal	1.116836
iUL909.xml	obj	R_OPMT2	optimal	1.116836
iUL909.xml	obj	R_ORNDC	optimal	1.116836
iUL909.xml	obj	R_ORNTA	optimal	1.116836
iUL909.xml	obj	R_ORNTACim	optimal	0.0
iUL909.xml	obj	R_ORNt2r	optimal	1.116836
iUL909.xml	obj	R_ORNt3m	optimal	0.0
iUL909.xml	obj	R_OROTtm	optimal	1.116836
iUL909.xml	obj	R_ORPT	optimal	0.0
iUL909.xml	obj	R_OSUCCL	optimal	1.116836
iUL909.xml	obj	R_OSUCCLm	optimal	1.116836
iUL909.xml	obj	R_OXAGm	optimal	1.094685
iUL909.xml	obj	R_OXO2Ctm	optimal	1.116836
iUL909.xml	obj	R_OXPTPH	optimal	0.0
iUL909.xml	obj	R_Oglycmann	optimal	1.116836
iUL909.xml	obj	R_P5CDm	optimal	1.116836
iUL909.xml	obj	R_P5CR	optimal	1.116836
iUL909.xml	obj	R_P5CRm	optimal	1.116756
iUL909.xml	obj	R_PACALDt	optimal	1.116836
iUL909.xml	obj	R_PACALDtm	optimal	1.116836
iUL909.xml	obj	R_PAK_PP	optimal	1.116836
iUL909.xml	obj	R_PALAt	optimal	1.116836
iUL909.xml	obj	R_PAL_PP	optimal	1.116836
iUL909.xml	obj	R_PAN4Ptm	optimal	1.116836
iUL909.xml	obj	R_PANTS	optimal	0.0
iUL909.xml	obj	R_PANTtm	optimal	1.116836
iUL909.xml	obj	R_PAOX	optimal	1.116836
iUL909.xml	obj	R_PAPSH	optimal	1.116836
iUL909.xml	obj	R_PAPSR	optimal	0.0
iUL909.xml	obj	R_PAPt	optimal	1.116836
iUL909.xml	obj	R_PAPtm	optimal	1.116836
iUL909.xml	obj	R_PAter	optimal	1.116836
iUL909.xml	obj	R_PAtm_PP	optimal	0.0
iUL909.xml	obj	R_PBGH	optimal	1.116836
iUL909.xml	obj	R_PC	optimal	1.086351
iUL909.xml	obj	R_PCDAGAT	optimal	1.116836
iUL909.xml	obj	R_PCH	optimal	1.116836
iUL909.xml	obj	R_PCLAD	optimal	1.116836
iUL909.xml	obj	R_PDE1	optimal	1.116836
iUL909.xml	obj	R_PDE2	optimal	1.116836
iUL909.xml	obj	R_PDE3	optimal	1.116836
iUL909.xml	obj	R_PDE4	optimal	1.116836
iUL909.xml	obj	R_PDE5	optimal	1.116836
iUL909.xml	obj	R_PDHa1	optimal	0.0
iUL909.xml	obj	R_PDHa2	optimal	1.09349
iUL909.xml	obj	R_PDHbrm	optimal	1.09349
iUL909.xml	obj	R_PDHcm	optimal	1.116836
iUL909.xml	obj	R_PDX5PO	optimal	1.116836
iUL909.xml	obj	R_PDX5PSYN	optimal	1.116836
iUL909.xml	obj	R_PDXPHT	optimal	1.116836
iUL909.xml	obj	R_PECTH	optimal	1.116836
iUL909.xml	obj	R_PEH	optimal	1.116836
iUL909.xml	obj	R_PENDPtm	optimal	1.116836
iUL909.xml	obj	R_PETH	optimal	1.116836
iUL909.xml	obj	R_PETHCT	optimal	1.116836
iUL909.xml	obj	R_PETOHM_PP	optimal	0.0
iUL909.xml	obj	R_PEter	optimal	1.116836
iUL909.xml	obj	R_PEtg_SC	optimal	1.116836
iUL909.xml	obj	R_PEtm_PP	optimal	1.116826
iUL909.xml	obj	R_PEtv_PP	optimal	1.116836
iUL909.xml	obj	R_PFK	optimal	1.116836
iUL909.xml	obj	R_PFK26	optimal	1.116836
iUL909.xml	obj	R_PFK_2	optimal	1.116836
iUL909.xml	obj	R_PFK_3	optimal	1.116836
iUL909.xml	obj	R_PGAMT	optimal	1.116836
iUL909.xml	obj	R_PGCD	optimal	1.112498
iUL909.xml	obj	R_PGH	optimal	1.116836
iUL909.xml	obj	R_PGI	optimal	1.116836
iUL909.xml	obj	R_PGK	optimal	0.980357
iUL909.xml	obj	R_PGL	optimal	1.116836
iUL909.xml	obj	R_PGM	optimal	1.073405
iUL909.xml	obj	R_PGMT	optimal	0.0
iUL909.xml	obj	R_PGPPAm_PP	optimal	0.0
iUL909.xml	obj	R_PHCDm	optimal	1.116836
iUL909.xml	obj	R_PHCHGS	optimal	1.116836
iUL909.xml	obj	R_PHEACt	optimal	1.116836
iUL909.xml	obj	R_PHEDO	optimal	1.116836
iUL909.xml	obj	R_PHEDt2r	optimal	1.116836
iUL909.xml	obj	R_PHEPYRAT	optimal	1.116836
iUL909.xml	obj	R_PHETA1	optimal	1.116836
iUL909.xml	obj	R_PHEt2m	optimal	1.116836
iUL909.xml	obj	R_PHEt2r	optimal	1.116836
iUL909.xml	obj	R_PHOSPHOLIPIDS	optimal	0.0
iUL909.xml	obj	R_PI1456PP	optimal	1.116836
iUL909.xml	obj	R_PI34BP4P_PP	optimal	1.116836
iUL909.xml	obj	R_PI35BP5P_PP	optimal	1.116836
iUL909.xml	obj	R_PI3P4K_PP	optimal	1.116836
iUL909.xml	obj	R_PI3P5K_PP	optimal	1.116836
iUL909.xml	obj	R_PI45BP5P	optimal	1.116836
iUL909.xml	obj	R_PI45BPP_PP	optimal	1.116836
iUL909.xml	obj	R_PI4P5K_PP	optimal	1.116836
iUL909.xml	obj	R_PI4PP	optimal	1.116836
iUL909.xml	obj	R_PI4Ptn	optimal	1.116836
iUL909.xml	obj	R_PIACGT	optimal	1.116836
iUL909.xml	obj	R_PIN3K_PP	optimal	1.116836
iUL909.xml	obj	R_PIN4K_PP	optimal	1.116836
iUL909.xml	obj	R_PIN4Kn_PP	optimal	1.116836
iUL909.xml	obj	R_PINOS_PP	optimal	0.0
iUL909.xml	obj	R_PIP	optimal	1.116836
iUL909.xml	obj	R_PIPLC	optimal	1.116836
iUL909.xml	obj	R_PIt2er	optimal	1.116836
iUL909.xml	obj	R_PIt2g	optimal	1.116836
iUL909.xml	obj	R_PIt2m	optimal	0.192352
iUL909.xml	obj	R_PIt2n	optimal	1.116836
iUL909.xml	obj	R_PIt2p	optimal	1.116836
iUL909.xml	obj	R_PIt2r	optimal	0.0
iUL909.xml	obj	R_PIt5m	optimal	1.116836
iUL909.xml	obj	R_PItv	optimal	1.116836
iUL909.xml	obj	R_PLBP1I_PPe	optimal	1.116836
iUL909.xml	obj	R_PLD_PP	optimal	1.116836
iUL909.xml	obj	R_PMANM	optimal	0.0
iUL909.xml	obj	R_PMDPHT	optimal	0.0
iUL909.xml	obj	R_PMETM_PP	optimal	0.0
iUL909.xml	obj	R_PMEVK	optimal	0.0
iUL909.xml	obj	R_PMI12346PH	optimal	1.116836
iUL909.xml	obj	R_PMI12346PS	optimal	1.116836
iUL909.xml	obj	R_PMI12456PH	optimal	1.116836
iUL909.xml	obj	R_PMI12456PS	optimal	1.116836
iUL909.xml	obj	R_PMI1346PH	optimal	1.116836
iUL909.xml	obj	R_PMI1346PS	optimal	1.116836
iUL909.xml	obj	R_PMI23456PH	optimal	1.116836
iUL909.xml	obj	R_PMI23456PS	optimal	1.116836
iUL909.xml	obj	R_PMPK	optimal	0.0
iUL909.xml	obj	R_PMTCOAtr	optimal	1.116836
iUL909.xml	obj	R_PN6OLST	optimal	1.116836
iUL909.xml	obj	R_PNP	optimal	1.116836
iUL909.xml	obj	R_PNTK	optimal	0.0
iUL909.xml	obj	R_PNTOt2	optimal	1.116836
iUL909.xml	obj	R_POLYAO	optimal	1.116836
iUL909.xml	obj	R_POLYAO2	optimal	1.116836
iUL909.xml	obj	R_POLYAO3	optimal	1.116836
iUL909.xml	obj	R_POLYPPE	optimal	1.116836
iUL909.xml	obj	R_POLYPPX	optimal	1.116836
iUL909.xml	obj	R_PPA	optimal	0.0
iUL909.xml	obj	R_PPAm	optimal	0.0
iUL909.xml	obj	R_PPAtm	optimal	1.116836
iUL909.xml	obj	R_PPBNGS	optimal	0.0
iUL909.xml	obj	R_PPCDC	optimal	0.0
iUL909.xml	obj	R_PPCK	optimal	1.116836
iUL909.xml	obj	R_PPItx	optimal	1.116836
iUL909.xml	obj	R_PPM	optimal	1.116836
iUL909.xml	obj	R_PPNCL2	optimal	1.116836
iUL909.xml	obj	R_PPNCL3	optimal	1.116836
iUL909.xml	obj	R_PPND	optimal	1.116836
iUL909.xml	obj	R_PPND2	optimal	1.11679
iUL909.xml	obj	R_PPNDH	optimal	0.0
iUL909.xml	obj	R_PPPG9tm	optimal	0.0
iUL909.xml	obj	R_PPPGOm	optimal	0.0
iUL909.xml	obj	R_PPTTm	optimal	1.116836
iUL909.xml	obj	R_PPYRDC	optimal	1.116836
iUL909.xml	obj	R_PRAGSr	optimal	0.0
iUL909.xml	obj	R_PRAIS	optimal	0.0
iUL909.xml	obj	R_PRAIi	optimal	0.0
iUL909.xml	obj	R_PRAMPC	optimal	0.0
iUL909.xml	obj	R_PRASCS	optimal	0.0
iUL909.xml	obj	R_PRATPP	optimal	0.0
iUL909.xml	obj	R_PRFGS	optimal	0.0
iUL909.xml	obj	R_PRMICIi	optimal	0.0
iUL909.xml	obj	R_PRO1xm	optimal	1.116836
iUL909.xml	obj	R_PROAKGOX1r	optimal	1.116836
iUL909.xml	obj	R_PROGLYt	optimal	1.116836
iUL909.xml	obj	R_PROTEINS	optimal	0.0
iUL909.xml	obj	R_PROTEINS_glyc	optimal	1.116836
iUL909.xml	obj	R_PROTEINS_meoh	optimal	1.116836
iUL909.xml	obj	R_PROTEINSglycmet05	optimal	1.116836
iUL909.xml	obj	R_PROTEINSglycmet16	optimal	1.116836
iUL909.xml	obj	R_PROt2r	optimal	1.116836
iUL909.xml	obj	R_PROtm	optimal	1.116836
iUL909.xml	obj	R_PRPPS	optimal	0.0
iUL909.xml	obj	R_PRPPtm	optimal	1.116836
iUL909.xml	obj	R_PSCVTi	optimal	0.0
iUL909.xml	obj	R_PSE	optimal	1.116836
iUL909.xml	obj	R_PSERDg_PP	optimal	1.116836
iUL909.xml	obj	R_PSERDm_PP	optimal	1.116826
iUL909.xml	obj	R_PSERDv_PP	optimal	1.116836
iUL909.xml	obj	R_PSERS_PP	optimal	1.116821
iUL909.xml	obj	R_PSERSm_PP	optimal	1.116836
iUL909.xml	obj	R_PSERT	optimal	1.112498
iUL909.xml	obj	R_PSIt	optimal	1.116836
iUL909.xml	obj	R_PSPH1Pter	optimal	1.116836
iUL909.xml	obj	R_PSPHPL	optimal	1.116836
iUL909.xml	obj	R_PSPHS	optimal	1.116836
iUL909.xml	obj	R_PSP_L	optimal	1.112498
iUL909.xml	obj	R_PStg_SC	optimal	1.116836
iUL909.xml	obj	R_PStm_PP	optimal	1.116826
iUL909.xml	obj	R_PStv_PP	optimal	1.116836
iUL909.xml	obj	R_PTD1INOter	optimal	1.116836
iUL909.xml	obj	R_PTD1INOtn_SC	optimal	1.116836
iUL909.xml	obj	R_PTE10x	optimal	1.116836
iUL909.xml	obj	R_PTE11x	optimal	1.116836
iUL909.xml	obj	R_PTE12x	optimal	1.116836
iUL909.xml	obj	R_PTE141x	optimal	1.116836
iUL909.xml	obj	R_PTE161x	optimal	1.116836
iUL909.xml	obj	R_PTE181x	optimal	1.116836
iUL909.xml	obj	R_PTE182x	optimal	1.116836
iUL909.xml	obj	R_PTE183x	optimal	1.116836
iUL909.xml	obj	R_PTE260x	optimal	1.116836
iUL909.xml	obj	R_PTE2x	optimal	1.116836
iUL909.xml	obj	R_PTE7x	optimal	1.116836
iUL909.xml	obj	R_PTE8x	optimal	1.116836
iUL909.xml	obj	R_PTE9x	optimal	1.116836
iUL909.xml	obj	R_PTPATi	optimal	0.0
iUL909.xml	obj	R_PTPATim	optimal	1.116836
iUL909.xml	obj	R_PTPPALDHT	optimal	1.116836
iUL909.xml	obj	R_PTRCt3i	optimal	1.116836
iUL909.xml	obj	R_PTRCtex2	optimal	1.116836
iUL909.xml	obj	R_PUNP1	optimal	1.116836
iUL909.xml	obj	R_PUNP1m	optimal	1.116836
iUL909.xml	obj	R_PUNP2	optimal	1.116836
iUL909.xml	obj	R_PUNP3	optimal	1.116836
iUL909.xml	obj	R_PUNP3m	optimal	1.116836
iUL909.xml	obj	R_PUNP4	optimal	1.116836
iUL909.xml	obj	R_PUNP5	optimal	1.116836
iUL909.xml	obj	R_PUNP6	optimal	1.116836
iUL909.xml	obj	R_PUNP7	optimal	1.116836
iUL909.xml	obj	R_PUTA3	optimal	1.116355
iUL909.xml	obj	R_PYAM5PO	optimal	1.116836
iUL909.xml	obj	R_PYDAMK	optimal	1.116836
iUL909.xml	obj	R_PYDXK	optimal	1.116836
iUL909.xml	obj	R_PYDXNDH	optimal	1.116836
iUL909.xml	obj	R_PYDXNK	optimal	1.116836
iUL909.xml	obj	R_PYDXNO	optimal	1.116836
iUL909.xml	obj	R_PYDXO	optimal	1.116836
iUL909.xml	obj	R_PYDXS	optimal	1.116836
iUL909.xml	obj	R_PYK	optimal	1.076789
iUL909.xml	obj	R_PYMDSYN	optimal	1.116836
iUL909.xml	obj	R_PYNP2r	optimal	1.116836
iUL909.xml	obj	R_PYR5CDm	optimal	1.116836
iUL909.xml	obj	R_PYRDC	optimal	1.116836
iUL909.xml	obj	R_PYRDC2	optimal	1.116836
iUL909.xml	obj	R_PYRt	optimal	1.116836
iUL909.xml	obj	R_PYRt2	optimal	1.116836
iUL909.xml	obj	R_PYRt2m	optimal	1.116836
iUL909.xml	obj	R_PYRt2p	optimal	1.116836
iUL909.xml	obj	R_QUILSYN	optimal	1.116836
iUL909.xml	obj	R_QULNS	optimal	1.116836
iUL909.xml	obj	R_QULNtm	optimal	1.116836
iUL909.xml	obj	R_RBFK	optimal	0.0
iUL909.xml	obj	R_RBFKm	optimal	1.116836
iUL909.xml	obj	R_RBFSa	optimal	0.0
iUL909.xml	obj	R_RBFSb	optimal	0.0
iUL909.xml	obj	R_RBK	optimal	1.116836
iUL909.xml	obj	R_RBK_D	optimal	1.116836
iUL909.xml	obj	R_RBLK_L	optimal	1.116836
iUL909.xml	obj	R_RBTt	optimal	1.116836
iUL909.xml	obj	R_RHAMDH	optimal	1.116836
iUL909.xml	obj	R_RHAMLAC	optimal	1.116836
iUL909.xml	obj	R_RIBFLVt2	optimal	1.116836
iUL909.xml	obj	R_RIBFLVtm	optimal	1.116836
iUL909.xml	obj	R_RIBt	optimal	1.116836
iUL909.xml	obj	R_RMNDH	optimal	1.116836
iUL909.xml	obj	R_RMNt	optimal	1.116836
iUL909.xml	obj	R_RNA	optimal	0.0
iUL909.xml	obj	R_RNADXRT	optimal	1.116836
iUL909.xml	obj	R_RNDR1	optimal	1.116836
iUL909.xml	obj	R_RNDR1n	optimal	1.116836
iUL909.xml	obj	R_RNDR2	optimal	1.116836
iUL909.xml	obj	R_RNDR2n	optimal	1.116836
iUL909.xml	obj	R_RNDR3	optimal	1.116836
iUL909.xml	obj	R_RNDR3n	optimal	1.116836
iUL909.xml	obj	R_RNDR4	optimal	1.116836
iUL909.xml	obj	R_RNDR4n	optimal	1.116836
iUL909.xml	obj	R_RNMK	optimal	1.116836
iUL909.xml	obj	R_RNTR1	optimal	1.116836
iUL909.xml	obj	R_RNTR2	optimal	1.116836
iUL909.xml	obj	R_RNTR3	optimal	1.116836
iUL909.xml	obj	R_RNTR4	optimal	1.116836
iUL909.xml	obj	R_RPE	optimal	1.107165
iUL909.xml	obj	R_RPEx	optimal	1.116836
iUL909.xml	obj	R_RPI	optimal	1.016861
iUL909.xml	obj	R_RPIx	optimal	1.116836
iUL909.xml	obj	R_RU5PE_L	optimal	1.116836
iUL909.xml	obj	R_RU5PP	optimal	1.116836
iUL909.xml	obj	R_SACCD1	optimal	0.0
iUL909.xml	obj	R_SACCD2	optimal	0.0
iUL909.xml	obj	R_SADT	optimal	1.116836
iUL909.xml	obj	R_SAM24MT	optimal	0.0
iUL909.xml	obj	R_SBPP1er	optimal	1.116836
iUL909.xml	obj	R_SBPP2er	optimal	1.116836
iUL909.xml	obj	R_SBPP3er	optimal	1.116836
iUL909.xml	obj	R_SBTD_D2	optimal	1.116836
iUL909.xml	obj	R_SBTD_L	optimal	1.116836
iUL909.xml	obj	R_SBTK6	optimal	1.116836
iUL909.xml	obj	R_SBTPD	optimal	1.116836
iUL909.xml	obj	R_SBTR	optimal	1.116836
iUL909.xml	obj	R_SBT_Dt	optimal	1.116836
iUL909.xml	obj	R_SBT_Lt	optimal	1.116836
iUL909.xml	obj	R_SERAT	optimal	0.0
iUL909.xml	obj	R_SERD_L	optimal	1.116836
iUL909.xml	obj	R_SERPT	optimal	0.0
iUL909.xml	obj	R_SERt2r	optimal	1.116836
iUL909.xml	obj	R_SERtm	optimal	1.116836
iUL909.xml	obj	R_SFGTH	optimal	1.116836
iUL909.xml	obj	R_SGH	optimal	1.116836
iUL909.xml	obj	R_SGPL12	optimal	1.116836
iUL909.xml	obj	R_SHBPH	optimal	1.116836
iUL909.xml	obj	R_SHCHD	optimal	1.116836
iUL909.xml	obj	R_SHCHF	optimal	1.116836
iUL909.xml	obj	R_SHK3D	optimal	0.0
iUL909.xml	obj	R_SHKK	optimal	0.0
iUL909.xml	obj	R_SHSL1	optimal	1.11682
iUL909.xml	obj	R_SHSL4r	optimal	1.11682
iUL909.xml	obj	R_SLCBK1	optimal	1.116836
iUL909.xml	obj	R_SLCBK2	optimal	1.116836
iUL909.xml	obj	R_SLD	optimal	1.116836
iUL909.xml	obj	R_SLFAT	optimal	1.116718
iUL909.xml	obj	R_SMPDE	optimal	1.116836
iUL909.xml	obj	R_SO3FDXRD	optimal	1.116836
iUL909.xml	obj	R_SO3ti	optimal	1.116836
iUL909.xml	obj	R_SO4ti	optimal	0.0
iUL909.xml	obj	R_SORRED	optimal	1.116836
iUL909.xml	obj	R_SPH1Pter	optimal	1.116836
iUL909.xml	obj	R_SPHK21c	optimal	1.116836
iUL909.xml	obj	R_SPHLIPIDS	optimal	0.0
iUL909.xml	obj	R_SPHPL	optimal	1.116836
iUL909.xml	obj	R_SPHS1Pter	optimal	1.116836
iUL909.xml	obj	R_SPMDAT1	optimal	1.116836
iUL909.xml	obj	R_SPMDOX	optimal	1.116836
iUL909.xml	obj	R_SPMDt3i	optimal	1.116836
iUL909.xml	obj	R_SPMDtex2	optimal	1.116836
iUL909.xml	obj	R_SPMS	optimal	1.116836
iUL909.xml	obj	R_SPODM	optimal	1.116836
iUL909.xml	obj	R_SPODMm	optimal	1.116836
iUL909.xml	obj	R_SPRMS	optimal	1.116836
iUL909.xml	obj	R_SPRMt2i	optimal	1.116836
iUL909.xml	obj	R_SQ23EPXter	optimal	0.0
iUL909.xml	obj	R_SQLEr	optimal	1.116836
iUL909.xml	obj	R_SQLErx	optimal	1.116812
iUL909.xml	obj	R_SQLS	optimal	0.0
iUL909.xml	obj	R_SQLter	optimal	0.0
iUL909.xml	obj	R_SRB_Lt	optimal	1.116836
iUL909.xml	obj	R_SSADH	optimal	1.116836
iUL909.xml	obj	R_SSALy	optimal	1.116836
iUL909.xml	obj	R_STEROLS	optimal	0.0
iUL909.xml	obj	R_STEROLS_glyc	optimal	1.116836
iUL909.xml	obj	R_STEROLS_meoh	optimal	1.116836
iUL909.xml	obj	R_STERYLEST	optimal	0.0
iUL909.xml	obj	R_SUCCt2r	optimal	1.116836
iUL909.xml	obj	R_SUCCtm	optimal	1.116836
iUL909.xml	obj	R_SUCCtp	optimal	1.116836
iUL909.xml	obj	R_SUCD1m	optimal	1.116836
iUL909.xml	obj	R_SUCD2_u6m	optimal	1.116836
iUL909.xml	obj	R_SUCD3_u6m	optimal	1.116836
iUL909.xml	obj	R_SUCFUMtm	optimal	1.116836
iUL909.xml	obj	R_SUCOASm	optimal	1.112278
iUL909.xml	obj	R_SUCRt2	optimal	1.116836
iUL909.xml	obj	R_SULR	optimal	1.116836
iUL909.xml	obj	R_St	optimal	1.116836
iUL909.xml	obj	R_Stm	optimal	1.116836
iUL909.xml	obj	R_T4HCINNMFM	optimal	1.116836
iUL909.xml	obj	R_TAGL_PP	optimal	1.116836
iUL909.xml	obj	R_TALA	optimal	1.116836
iUL909.xml	obj	R_TALAx	optimal	1.116836
iUL909.xml	obj	R_TAUDO	optimal	1.116836
iUL909.xml	obj	R_TAURt	optimal	1.116836
iUL909.xml	obj	R_TCHOLAabcv	optimal	1.116836
iUL909.xml	obj	R_THFATm	optimal	1.116836
iUL909.xml	obj	R_THFGLUS	optimal	1.116836
iUL909.xml	obj	R_THFtm	optimal	1.116825
iUL909.xml	obj	R_THIORDXi	optimal	1.116836
iUL909.xml	obj	R_THIORDXm	optimal	1.116836
iUL909.xml	obj	R_THIORDXni	optimal	1.116836
iUL909.xml	obj	R_THIORDXp	optimal	1.116476
iUL909.xml	obj	R_THMDPe	optimal	1.116836
iUL909.xml	obj	R_THMDt2	optimal	1.116836
iUL909.xml	obj	R_THMP	optimal	0.0
iUL909.xml	obj	R_THMPPt2m	optimal	1.116836
iUL909.xml	obj	R_THMPe	optimal	1.116836
iUL909.xml	obj	R_THMt2	optimal	1.116836
iUL909.xml	obj	R_THRA2i	optimal	1.116836
iUL909.xml	obj	R_THRAi	optimal	1.116836
iUL909.xml	obj	R_THRD_L	optimal	1.116836
iUL909.xml	obj	R_THRD_Lm	optimal	1.116836
iUL909.xml	obj	R_THRS	optimal	0.0
iUL909.xml	obj	R_THRt2r	optimal	1.116836
iUL909.xml	obj	R_THRtm	optimal	1.116836
iUL909.xml	obj	R_THYMt3r	optimal	1.116836
iUL909.xml	obj	R_THZPSN1_PP	optimal	1.116836
iUL909.xml	obj	R_THZPSN2_PP	optimal	1.116836
iUL909.xml	obj	R_TKT1	optimal	1.10496
iUL909.xml	obj	R_TKT1x	optimal	1.116836
iUL909.xml	obj	R_TKT2	optimal	1.108626
iUL909.xml	obj	R_TKT2x	optimal	1.116836
iUL909.xml	obj	R_TMABADH	optimal	1.116836
iUL909.xml	obj	R_TMDK1	optimal	1.116836
iUL909.xml	obj	R_TMDPK	optimal	1.116836
iUL909.xml	obj	R_TMDPP	optimal	1.116836
iUL909.xml	obj	R_TMDPPK	optimal	1.116836
iUL909.xml	obj	R_TMDS	optimal	0.0
iUL909.xml	obj	R_TMLYSOX	optimal	1.116836
iUL909.xml	obj	R_TMN	optimal	1.116836
iUL909.xml	obj	R_TMPPP	optimal	0.0
iUL909.xml	obj	R_TPI	optimal	1.097031
iUL909.xml	obj	R_TRDOXtp	optimal	1.116476
iUL909.xml	obj	R_TRDR	optimal	1.116836
iUL909.xml	obj	R_TRDRDtp	optimal	1.116476
iUL909.xml	obj	R_TRDRm	optimal	1.116836
iUL909.xml	obj	R_TRE6PP	optimal	0.0
iUL909.xml	obj	R_TRE6PS	optimal	0.0
iUL909.xml	obj	R_TREH	optimal	1.116836
iUL909.xml	obj	R_TREHe	optimal	1.116836
iUL909.xml	obj	R_TREHv	optimal	1.116836
iUL909.xml	obj	R_TREt2	optimal	1.116836
iUL909.xml	obj	R_TREt2v	optimal	1.116836
iUL909.xml	obj	R_TRIGS_PP	optimal	1.116836
iUL909.xml	obj	R_TRPO2	optimal	1.116836
iUL909.xml	obj	R_TRPOX	optimal	1.116836
iUL909.xml	obj	R_TRPS1	optimal	1.116836
iUL909.xml	obj	R_TRPS2	optimal	1.116836
iUL909.xml	obj	R_TRPS3r	optimal	1.116836
iUL909.xml	obj	R_TRPTA	optimal	1.116836
iUL909.xml	obj	R_TRPt2m	optimal	1.116836
iUL909.xml	obj	R_TRPt2r	optimal	1.116836
iUL909.xml	obj	R_TRPtm	optimal	1.116836
iUL909.xml	obj	R_TTC_GGDPtm	optimal	1.116836
iUL909.xml	obj	R_TTDCAtr	optimal	1.116836
iUL909.xml	obj	R_TURt	optimal	1.116836
iUL909.xml	obj	R_TYRPYRAT	optimal	1.116836
iUL909.xml	obj	R_TYRTAi	optimal	1.116836
iUL909.xml	obj	R_TYRTAim	optimal	1.116836
iUL909.xml	obj	R_TYRTAip	optimal	1.116836
iUL909.xml	obj	R_TYRt2m	optimal	1.116836
iUL909.xml	obj	R_TYRt2r	optimal	1.116836
iUL909.xml	obj	R_TYRt6	optimal	1.116836
iUL909.xml	obj	R_TYRt7	optimal	1.116836
iUL909.xml	obj	R_TYRtm	optimal	1.116836
iUL909.xml	obj	R_UDPACGLP	optimal	0.0
iUL909.xml	obj	R_UDPDOLPT	optimal	1.116836
iUL909.xml	obj	R_UDPGALt2g	optimal	1.116836
iUL909.xml	obj	R_UDPGLCtr	optimal	1.116836
iUL909.xml	obj	R_UDPGP	optimal	1.116836
iUL909.xml	obj	R_UGLYCHr	optimal	1.116836
iUL909.xml	obj	R_UMPK	optimal	0.0
iUL909.xml	obj	R_UMPKn	optimal	1.116836
iUL909.xml	obj	R_UMPter	optimal	1.116836
iUL909.xml	obj	R_UMPtn	optimal	1.116836
iUL909.xml	obj	R_UNK3	optimal	1.116836
iUL909.xml	obj	R_UPP3MT	optimal	1.116836
iUL909.xml	obj	R_UPP3S	optimal	0.0
iUL909.xml	obj	R_UPPDC1	optimal	0.0
iUL909.xml	obj	R_UPPDC2	optimal	1.116836
iUL909.xml	obj	R_UPPRT	optimal	1.116836
iUL909.xml	obj	R_URATEHO	optimal	1.116836
iUL909.xml	obj	R_URAt2	optimal	1.116836
iUL909.xml	obj	R_URCN	optimal	1.116836
iUL909.xml	obj	R_UREA2t2	optimal	1.116836
iUL909.xml	obj	R_UREASE	optimal	1.116836
iUL909.xml	obj	R_UREAt	optimal	1.116836
iUL909.xml	obj	R_URIDK2r	optimal	1.116836
iUL909.xml	obj	R_URIDK2rn	optimal	1.116836
iUL909.xml	obj	R_URIK1	optimal	1.116836
iUL909.xml	obj	R_URIK2	optimal	1.116836
iUL909.xml	obj	R_URIK3	optimal	1.116836
iUL909.xml	obj	R_URIK4	optimal	1.116836
iUL909.xml	obj	R_URIK5	optimal	1.116836
iUL909.xml	obj	R_URIK6	optimal	1.116836
iUL909.xml	obj	R_URIK7	optimal	1.116836
iUL909.xml	obj	R_URIK8	optimal	1.116836
iUL909.xml	obj	R_URIK9	optimal	1.116836
iUL909.xml	obj	R_URIt2	optimal	1.116836
iUL909.xml	obj	R_UTPH1	optimal	1.116836
iUL909.xml	obj	R_UTPtm	optimal	1.116836
iUL909.xml	obj	R_VALTA	optimal	1.116836
iUL909.xml	obj	R_VALTAim	optimal	1.116836
iUL909.xml	obj	R_VALt2r	optimal	1.116836
iUL909.xml	obj	R_VALt5m	optimal	1.116836
iUL909.xml	obj	R_VPAMT	optimal	1.116836
iUL909.xml	obj	R_VPAMTr	optimal	1.116836
iUL909.xml	obj	R_XANt	optimal	1.116836
iUL909.xml	obj	R_XPPT	optimal	1.116836
iUL909.xml	obj	R_XTSNt2	optimal	1.116836
iUL909.xml	obj	R_XU5PE_L	optimal	1.116836
iUL909.xml	obj	R_XU5Ptx	optimal	1.116836
iUL909.xml	obj	R_XYLK	optimal	1.116836
iUL909.xml	obj	R_XYLR1	optimal	1.116836
iUL909.xml	obj	R_XYLR2	optimal	1.116836
iUL909.xml	obj	R_XYLTD_D	optimal	1.116836
iUL909.xml	obj	R_XYLTD_L	optimal	1.116836
iUL909.xml	obj	R_XYLTt	optimal	1.116836
iUL909.xml	obj	R_XYLUK_L	optimal	1.116836
iUL909.xml	obj	R_XYLt	optimal	1.116836
iUL909.xml	obj	R_YUMPS	optimal	1.116836
iUL909.xml	obj	R_ZYMSTAT_PP	optimal	0.0
iUL909.xml	obj	R_ZYMSTESTH_PP	optimal	1.116836
iUL909.xml	obj	R_ZYMSTESTH_Ppe	optimal	1.116836
iUL909.xml	obj	R_ZYMSTt	optimal	1.116836
iUL909.xml	obj	R_dolpmmer	optimal	1.115164
iUL909.xml	obj	R_eryEFG	optimal	1.116836
iUL909.xml	obj	R_growth	optimal	0.0
iUL909.xml	obj	R_lplipa2	optimal	1.116836
iUL909.xml	obj	R_mip2c424plc_pp	optimal	1.116836
iUL909.xml	obj	R_mip2c426plc_pp	optimal	1.116836
iUL909.xml	obj	R_mip2cs424_pp	optimal	0.0
iUL909.xml	obj	R_mip2cs426_pp	optimal	1.116836
iUL909.xml	obj	R_mipc424plc_pp	optimal	1.116836
iUL909.xml	obj	R_mipc426plc_pp	optimal	1.116836
iUL909.xml	obj	R_pepat	optimal	1.116836
iUL909.xml	obj	R_pla2_2	optimal	1.116836
iUL909.xml	obj	R_pla2_2e	optimal	1.116836
iUL909.xml	obj	R_plbpc_ppe2	optimal	1.116836
iUL909.xml	obj	R_plipa2	optimal	1.116836
iUL909.xml	obj	R_udpg4e	optimal	1.116836
iUL909.xml	obj	R_usDHG	optimal	1.116836
