OGAPODRAFT_15751;
OGAPODRAFT_15190;OGAPODRAFT_15190;OGAPODRAFT_16723;

OGAPODRAFT_99867;OGAPODRAFT_41426;



OGAPODRAFT_15745;
OGAPODRAFT_15745;
OGAPODRAFT_15745;
OGAPODRAFT_15745;
OGAPODRAFT_15745;
OGAPODRAFT_15745;

OGAPODRAFT_16755;
OGAPODRAFT_39142;
OGAPODRAFT_39142;
OGAPODRAFT_39142;
OGAPODRAFT_39142;
OGAPODRAFT_90970;
OGAPODRAFT_17427;
OGAPODRAFT_39142;
OGAPODRAFT_17449;OGAPODRAFT_15884;OGAPODRAFT_98096;OGAPODRAFT_102119;OGAPODRAFT_96725;
OGAPODRAFT_39142;
OGAPODRAFT_16270;OGAPODRAFT_99603;
OGAPODRAFT_16270;OGAPODRAFT_99603;
OGAPODRAFT_16270;OGAPODRAFT_99603;
OGAPODRAFT_16270;OGAPODRAFT_99603;
OGAPODRAFT_16270;OGAPODRAFT_99603;
OGAPODRAFT_16270;OGAPODRAFT_99603;
OGAPODRAFT_51028;OGAPODRAFT_82442;
OGAPODRAFT_39142;

OGAPODRAFT_97991;
OGAPODRAFT_97991;
OGAPODRAFT_97991;
OGAPODRAFT_97991;
OGAPODRAFT_97991;
OGAPODRAFT_97991;
OGAPODRAFT_97991;
OGAPODRAFT_15598;
OGAPODRAFT_15598;
OGAPODRAFT_15037;
OGAPODRAFT_15037;
OGAPODRAFT_15037;
OGAPODRAFT_15037;
OGAPODRAFT_16197;OGAPODRAFT_16198;
OGAPODRAFT_17449;OGAPODRAFT_15884;OGAPODRAFT_98096;OGAPODRAFT_102119;OGAPODRAFT_96725;
OGAPODRAFT_17349;OGAPODRAFT_17001;OGAPODRAFT_86070;OGAPODRAFT_17001;OGAPODRAFT_81878;OGAPODRAFT_81878;
OGAPODRAFT_17349;OGAPODRAFT_17001;OGAPODRAFT_86070;OGAPODRAFT_17001;OGAPODRAFT_81878;OGAPODRAFT_81878;
OGAPODRAFT_42796;





OGAPODRAFT_15190;OGAPODRAFT_94215;
OGAPODRAFT_15190;OGAPODRAFT_94215;
OGAPODRAFT_15190;OGAPODRAFT_94215;
OGAPODRAFT_15190;OGAPODRAFT_94215;
OGAPODRAFT_15190;OGAPODRAFT_15190;OGAPODRAFT_16723;
OGAPODRAFT_94215;
OGAPODRAFT_94215;
OGAPODRAFT_94215;
OGAPODRAFT_94215;
OGAPODRAFT_94215;
OGAPODRAFT_94215;
OGAPODRAFT_15704;
OGAPODRAFT_74884;
OGAPODRAFT_83835;
OGAPODRAFT_83835;
OGAPODRAFT_83835;
OGAPODRAFT_83835;
OGAPODRAFT_91870;
OGAPODRAFT_91870;
OGAPODRAFT_76440;
OGAPODRAFT_95083;
OGAPODRAFT_15704;

OGAPODRAFT_15994;
OGAPODRAFT_15994;
OGAPODRAFT_15994;
OGAPODRAFT_15994;

OGAPODRAFT_11046;
OGAPODRAFT_11046;
OGAPODRAFT_11046;
OGAPODRAFT_11046;

OGAPODRAFT_16414;
OGAPODRAFT_16414;
OGAPODRAFT_16414;
OGAPODRAFT_16414;
OGAPODRAFT_11046;
OGAPODRAFT_11046;

OGAPODRAFT_16571;
OGAPODRAFT_16571;
OGAPODRAFT_11046;
OGAPODRAFT_11046;

OGAPODRAFT_15745;
OGAPODRAFT_15745;








OGAPODRAFT_103253;OGAPODRAFT_7041;
OGAPODRAFT_5832;





OGAPODRAFT_82309;OGAPODRAFT_92152;





OGAPODRAFT_89317;
OGAPODRAFT_89317;
OGAPODRAFT_89317;
OGAPODRAFT_89317;
OGAPODRAFT_89317;
OGAPODRAFT_89317;
OGAPODRAFT_89317;
OGAPODRAFT_89317;
OGAPODRAFT_89317;
OGAPODRAFT_89317;
OGAPODRAFT_89317;
OGAPODRAFT_89317;














OGAPODRAFT_15468;




























OGAPODRAFT_15704;


















OGAPODRAFT_75699;OGAPODRAFT_15812;OGAPODRAFT_97171;OGAPODRAFT_15752;
OGAPODRAFT_75699;OGAPODRAFT_15812;OGAPODRAFT_97171;OGAPODRAFT_15752;
OGAPODRAFT_84591;












OGAPODRAFT_49434;OGAPODRAFT_17110;
























OGAPODRAFT_39142;














OGAPODRAFT_49434;OGAPODRAFT_17110;
OGAPODRAFT_49434;OGAPODRAFT_17110;
OGAPODRAFT_49434;OGAPODRAFT_17110;







































OGAPODRAFT_17305;OGAPODRAFT_82886;

OGAPODRAFT_94637;

OGAPODRAFT_16052;
OGAPODRAFT_16052;
OGAPODRAFT_15994;
OGAPODRAFT_15994;
OGAPODRAFT_15994;
OGAPODRAFT_15994;


OGAPODRAFT_16175;
OGAPODRAFT_16723;
OGAPODRAFT_16723;
OGAPODRAFT_15513;OGAPODRAFT_94867;OGAPODRAFT_15216;OGAPODRAFT_93183;OGAPODRAFT_16776;
OGAPODRAFT_15513;OGAPODRAFT_94867;OGAPODRAFT_15216;OGAPODRAFT_93183;OGAPODRAFT_16776;
OGAPODRAFT_15513;OGAPODRAFT_94867;OGAPODRAFT_93183;OGAPODRAFT_16776;


OGAPODRAFT_16761;
OGAPODRAFT_15456;OGAPODRAFT_16477;
OGAPODRAFT_23093;
OGAPODRAFT_23093;
OGAPODRAFT_15624;
OGAPODRAFT_49434;OGAPODRAFT_17110;

OGAPODRAFT_47173;
OGAPODRAFT_47173;
OGAPODRAFT_47173;
OGAPODRAFT_47173;
OGAPODRAFT_47173;
OGAPODRAFT_15456;OGAPODRAFT_102080;
OGAPODRAFT_15936;OGAPODRAFT_16270;
OGAPODRAFT_15936;OGAPODRAFT_16270;
OGAPODRAFT_16270;
OGAPODRAFT_16270;
OGAPODRAFT_16270;
OGAPODRAFT_16270;
OGAPODRAFT_94215;




OGAPODRAFT_15936;OGAPODRAFT_16270;
OGAPODRAFT_15936;OGAPODRAFT_16270;
OGAPODRAFT_11046;
OGAPODRAFT_11046;
OGAPODRAFT_11046;
OGAPODRAFT_11046;
OGAPODRAFT_11046;
OGAPODRAFT_11046;
OGAPODRAFT_16414;
OGAPODRAFT_16414;
OGAPODRAFT_16414;
OGAPODRAFT_16414;
OGAPODRAFT_16414;
OGAPODRAFT_16414;
OGAPODRAFT_11046;
OGAPODRAFT_11046;
OGAPODRAFT_11046;
OGAPODRAFT_11046;
OGAPODRAFT_11046;
OGAPODRAFT_11046;
OGAPODRAFT_16571;
OGAPODRAFT_16571;
OGAPODRAFT_16571;
OGAPODRAFT_16571;
OGAPODRAFT_16571;
OGAPODRAFT_16571;
OGAPODRAFT_11046;
OGAPODRAFT_11046;
OGAPODRAFT_11046;
OGAPODRAFT_11046;
OGAPODRAFT_11046;
OGAPODRAFT_11046;


OGAPODRAFT_15386;



OGAPODRAFT_96880;OGAPODRAFT_77308;








OGAPODRAFT_101511;
OGAPODRAFT_15166;
OGAPODRAFT_15468;
OGAPODRAFT_16634;

OGAPODRAFT_76934;

OGAPODRAFT_15301;
OGAPODRAFT_15301;
OGAPODRAFT_15531;
OGAPODRAFT_16973;OGAPODRAFT_86506;
OGAPODRAFT_23810;
OGAPODRAFT_23810;
ADK2 OGAPODRAFT_6139;
OGAPODRAFT_23810;
ADK2 OGAPODRAFT_6139;
OGAPODRAFT_17282;
OGAPODRAFT_47169;
OGAPODRAFT_17421;OGAPODRAFT_91309;OGAPODRAFT_17478;

OGAPODRAFT_16486;OGAPODRAFT_15788;OGAPODRAFT_17305;OGAPODRAFT_15788;OGAPODRAFT_15786;
OGAPODRAFT_13274;
0;OGAPODRAFT_50694;OGAPODRAFT_16764;OGAPODRAFT_16764;
0;OGAPODRAFT_50694;OGAPODRAFT_16764;OGAPODRAFT_16764;
0;OGAPODRAFT_50694;OGAPODRAFT_16764;OGAPODRAFT_16764;
0;OGAPODRAFT_50694;OGAPODRAFT_16764;OGAPODRAFT_16764;
0;OGAPODRAFT_50694;OGAPODRAFT_16764;OGAPODRAFT_16764;
OGAPODRAFT_51848;
OGAPODRAFT_15786;
OGAPODRAFT_15123;OGAPODRAFT_10662;
OGAPODRAFT_10662;
OGAPODRAFT_96086;


OGAPODRAFT_81921;OGAPODRAFT_15788;
OGAPODRAFT_16434;
0;
OGAPODRAFT_16486;OGAPODRAFT_15788;OGAPODRAFT_15786;OGAPODRAFT_15788;


OGAPODRAFT_16486;OGAPODRAFT_81921;OGAPODRAFT_15788;OGAPODRAFT_15786;
OGAPODRAFT_16782;
OGAPODRAFT_12974;
OGAPODRAFT_12974;
OGAPODRAFT_39142;
OGAPODRAFT_88121;

OGAPODRAFT_15396;
OGAPODRAFT_92932;
OGAPODRAFT_82886;
OGAPODRAFT_23423;
OGAPODRAFT_99703;


OGAPODRAFT_16672;

OGAPODRAFT_16973;OGAPODRAFT_86506;
OGAPODRAFT_15665;
OGAPODRAFT_15788;OGAPODRAFT_15786;OGAPODRAFT_15788;
OGAPODRAFT_47169;
OGAPODRAFT_17282;

OGAPODRAFT_87893;
OGAPODRAFT_101019;

OGAPODRAFT_15704;
OGAPODRAFT_15704;

OGAPODRAFT_7518;

OGAPODRAFT_38767;



OGAPODRAFT_93392;
OGAPODRAFT_17001;OGAPODRAFT_86070;OGAPODRAFT_17349;
OGAPODRAFT_11645;
OGAPODRAFT_44799;
OGAPODRAFT_16034;
OGAPODRAFT_82246;
OGAPODRAFT_82845;



OGAPODRAFT_15208;
OGAPODRAFT_15884;
OGAPODRAFT_96725;
OGAPODRAFT_15386;



OGAPODRAFT_94548;OGAPODRAFT_15568;
OGAPODRAFT_94548;OGAPODRAFT_15568;
OGAPODRAFT_15190;
OGAPODRAFT_15190;
OGAPODRAFT_15190;
OGAPODRAFT_15190;
OGAPODRAFT_15190;
OGAPODRAFT_15190;
OGAPODRAFT_15190;
OGAPODRAFT_15190;
OGAPODRAFT_15190;
OGAPODRAFT_15190;
OGAPODRAFT_15513;OGAPODRAFT_94867;OGAPODRAFT_15216;OGAPODRAFT_93183;OGAPODRAFT_16776;
OGAPODRAFT_15513;OGAPODRAFT_94867;OGAPODRAFT_93183;OGAPODRAFT_16776;
OGAPODRAFT_15513;OGAPODRAFT_94867;OGAPODRAFT_15216;OGAPODRAFT_93183;OGAPODRAFT_16776;
OGAPODRAFT_15513;OGAPODRAFT_94867;OGAPODRAFT_93183;OGAPODRAFT_16776;
OGAPODRAFT_15513;OGAPODRAFT_94867;OGAPODRAFT_15216;OGAPODRAFT_93183;OGAPODRAFT_16776;
OGAPODRAFT_15513;OGAPODRAFT_94867;OGAPODRAFT_93183;OGAPODRAFT_16776;
OGAPODRAFT_100096;
OGAPODRAFT_100096;
OGAPODRAFT_38767;
OGAPODRAFT_15471;
OGAPODRAFT_13736;

OGAPODRAFT_75699;OGAPODRAFT_15812;OGAPODRAFT_97171;OGAPODRAFT_15752;
OGAPODRAFT_75699;OGAPODRAFT_15812;OGAPODRAFT_97171;OGAPODRAFT_15752;
OGAPODRAFT_101426;
OGAPODRAFT_16996;
OGAPODRAFT_15567;OGAPODRAFT_83668;
OGAPODRAFT_13736;OGAPODRAFT_17416;



OGAPODRAFT_15589;OGAPODRAFT_91309;OGAPODRAFT_15592;0;
OGAPODRAFT_51567;
OGAPODRAFT_13736;OGAPODRAFT_17416;
OGAPODRAFT_16486;OGAPODRAFT_15788;OGAPODRAFT_15786;OGAPODRAFT_15788;
OGAPODRAFT_99403;
OGAPODRAFT_16486;OGAPODRAFT_15788;OGAPODRAFT_81921;OGAPODRAFT_15788;OGAPODRAFT_17416;
OGAPODRAFT_15589;OGAPODRAFT_91309;OGAPODRAFT_15592;0;
OGAPODRAFT_81199;
OGAPODRAFT_16486;OGAPODRAFT_15788;OGAPODRAFT_17305;OGAPODRAFT_15788;OGAPODRAFT_17305;


OGAPODRAFT_82283;OGAPODRAFT_16166;
OGAPODRAFT_16710;
OGAPODRAFT_16837;
OGAPODRAFT_16973;OGAPODRAFT_86506;


OGAPODRAFT_17183;





OGAPODRAFT_95351;
OGAPODRAFT_15788;OGAPODRAFT_15786;OGAPODRAFT_15788;
OGAPODRAFT_16399;
OGAPODRAFT_100800;OGAPODRAFT_100800;
OGAPODRAFT_15878;
OGAPODRAFT_101511;
OGAPODRAFT_101511;


OGAPODRAFT_16487;
OGAPODRAFT_75230;


OGAPODRAFT_15788;OGAPODRAFT_15788;
OGAPODRAFT_15169;
OGAPODRAFT_99052;OGAPODRAFT_13455;

OGAPODRAFT_97622;
OGAPODRAFT_95776;

OGAPODRAFT_15788;OGAPODRAFT_15786;OGAPODRAFT_15788;
OGAPODRAFT_15169;
OGAPODRAFT_16373;
OGAPODRAFT_16782;
OGAPODRAFT_15788;OGAPODRAFT_81921;

OGAPODRAFT_15969;
OGAPODRAFT_13736;
OGAPODRAFT_16261;
0;OGAPODRAFT_90798;OGAPODRAFT_15788;OGAPODRAFT_15786;OGAPODRAFT_15788;0;0;
0;
0;
0;
OGAPODRAFT_17032;
OGAPODRAFT_15319;
OGAPODRAFT_15319;
OGAPODRAFT_15319;
OGAPODRAFT_15319;
OGAPODRAFT_15786;
OGAPODRAFT_15059;
OGAPODRAFT_16045;
OGAPODRAFT_16045;
OGAPODRAFT_16749;
OGAPODRAFT_16749;OGAPODRAFT_17375;
OGAPODRAFT_17076;
OGAPODRAFT_39142;
OGAPODRAFT_15082;
OGAPODRAFT_16755;

OGAPODRAFT_102519;
OGAPODRAFT_85369;
OGAPODRAFT_17232;


OGAPODRAFT_87507;
OGAPODRAFT_15169;
OGAPODRAFT_15788;OGAPODRAFT_81921;

OGAPODRAFT_15517;



OGAPODRAFT_16761;
OGAPODRAFT_16761;
OGAPODRAFT_82442;
OGAPODRAFT_94659;OGAPODRAFT_101456;



OGAPODRAFT_15788;OGAPODRAFT_15788;
OGAPODRAFT_17330;
OGAPODRAFT_49477;
OGAPODRAFT_49477;
OGAPODRAFT_92932;
OGAPODRAFT_15049;
OGAPODRAFT_15049;
OGAPODRAFT_81537;
OGAPODRAFT_17305;OGAPODRAFT_15788;OGAPODRAFT_17305;
OGAPODRAFT_95083;
OGAPODRAFT_94215;
OGAPODRAFT_76560;
OGAPODRAFT_76560;
OGAPODRAFT_76560;
OGAPODRAFT_82442;
OGAPODRAFT_82442;
OGAPODRAFT_82442;
OGAPODRAFT_101511;
OGAPODRAFT_16373;


OGAPODRAFT_95934;

OGAPODRAFT_15714;
OGAPODRAFT_15714;
OGAPODRAFT_15714;
OGAPODRAFT_15714;
OGAPODRAFT_91905;
OGAPODRAFT_15714;
OGAPODRAFT_15714;
OGAPODRAFT_15714;
OGAPODRAFT_15714;

OGAPODRAFT_16486;OGAPODRAFT_15788;OGAPODRAFT_15786;OGAPODRAFT_81921;OGAPODRAFT_15788;
OGAPODRAFT_12974;
OGAPODRAFT_95083;






OGAPODRAFT_16862;OGAPODRAFT_15714;
OGAPODRAFT_76934;

OGAPODRAFT_76934;
OGAPODRAFT_17300;
OGAPODRAFT_16983;
OGAPODRAFT_15860;
OGAPODRAFT_15788;OGAPODRAFT_15786;OGAPODRAFT_15788;

OGAPODRAFT_76560;
OGAPODRAFT_7629;
OGAPODRAFT_9853;OGAPODRAFT_15714;

OGAPODRAFT_15788;OGAPODRAFT_15788;
OGAPODRAFT_98096;OGAPODRAFT_17449;
OGAPODRAFT_15788;OGAPODRAFT_15788;

OGAPODRAFT_16560;
OGAPODRAFT_95826;
OGAPODRAFT_16385;
OGAPODRAFT_16560;
OGAPODRAFT_17282;OGAPODRAFT_95826;
OGAPODRAFT_15788;OGAPODRAFT_15788;

OGAPODRAFT_15072;

OGAPODRAFT_15536;OGAPODRAFT_15624;


OGAPODRAFT_82848;OGAPODRAFT_16247;OGAPODRAFT_83994;
OGAPODRAFT_15386;
OGAPODRAFT_39142;
OGAPODRAFT_16126;
OGAPODRAFT_82221;
OGAPODRAFT_15884;
OGAPODRAFT_96725;
OGAPODRAFT_16045;
OGAPODRAFT_81143;
OGAPODRAFT_15169;
OGAPODRAFT_80848;
OGAPODRAFT_45710;
OGAPODRAFT_17054;
OGAPODRAFT_23093;
OGAPODRAFT_15567;
OGAPODRAFT_16303;
OGAPODRAFT_92861;
OGAPODRAFT_17124;
OGAPODRAFT_15831;




OGAPODRAFT_15456;
OGAPODRAFT_99052;
OGAPODRAFT_24602;
OGAPODRAFT_15039;OGAPODRAFT_15046;
OGAPODRAFT_98329;
OGAPODRAFT_92861;
OGAPODRAFT_99052;
OGAPODRAFT_99052;OGAPODRAFT_13455;
OGAPODRAFT_16899;
OGAPODRAFT_16899;
OGAPODRAFT_16899;
OGAPODRAFT_82460;OGAPODRAFT_97210;
OGAPODRAFT_82460;
OGAPODRAFT_81143;OGAPODRAFT_15480;
OGAPODRAFT_82460;OGAPODRAFT_97210;
OGAPODRAFT_82460;
OGAPODRAFT_15480;
OGAPODRAFT_82460;OGAPODRAFT_97210;
OGAPODRAFT_82460;
OGAPODRAFT_15480;
OGAPODRAFT_82460;OGAPODRAFT_97210;
OGAPODRAFT_82460;
OGAPODRAFT_15480;
OGAPODRAFT_82460;OGAPODRAFT_97210;
OGAPODRAFT_82460;
OGAPODRAFT_94215;
OGAPODRAFT_94215;
OGAPODRAFT_94215;
OGAPODRAFT_94215;
OGAPODRAFT_94215;
OGAPODRAFT_86309;
OGAPODRAFT_17054;
OGAPODRAFT_17054;
OGAPODRAFT_13838;
OGAPODRAFT_7041;OGAPODRAFT_103253;
0;
OGAPODRAFT_82309;OGAPODRAFT_92152;
OGAPODRAFT_15090;
OGAPODRAFT_15319;
OGAPODRAFT_15319;
OGAPODRAFT_86869;OGAPODRAFT_6292;OGAPODRAFT_81951;
OGAPODRAFT_99052;
OGAPODRAFT_76440;
OGAPODRAFT_44328;OGAPODRAFT_98776;OGAPODRAFT_15555;OGAPODRAFT_87483;
OGAPODRAFT_16318;OGAPODRAFT_44328;OGAPODRAFT_15555;OGAPODRAFT_87483;
OGAPODRAFT_24225;
OGAPODRAFT_24225;









OGAPODRAFT_15386;
OGAPODRAFT_101426;

OGAPODRAFT_95078;



OGAPODRAFT_15386;
OGAPODRAFT_49303;

OGAPODRAFT_15232;
OGAPODRAFT_49212;


OGAPODRAFT_16818;OGAPODRAFT_16711;
OGAPODRAFT_43491;
OGAPODRAFT_16079;
OGAPODRAFT_16818;OGAPODRAFT_16711;
OGAPODRAFT_43491;
OGAPODRAFT_16818;OGAPODRAFT_16711;OGAPODRAFT_17539;

OGAPODRAFT_17214;
OGAPODRAFT_98534;





OGAPODRAFT_15250;







OGAPODRAFT_8492;
OGAPODRAFT_15739;



OGAPODRAFT_95786;
OGAPODRAFT_95786;
OGAPODRAFT_91744;
OGAPODRAFT_95786;
OGAPODRAFT_95786;
OGAPODRAFT_90800;
OGAPODRAFT_16447;OGAPODRAFT_16318;
OGAPODRAFT_91928;
OGAPODRAFT_15714;OGAPODRAFT_91802;
OGAPODRAFT_15714;OGAPODRAFT_82877;
OGAPODRAFT_15714;OGAPODRAFT_93944;
OGAPODRAFT_15589;OGAPODRAFT_91309;OGAPODRAFT_15592;0;

OGAPODRAFT_15517;
OGAPODRAFT_94435;
OGAPODRAFT_94435;
OGAPODRAFT_94435;
OGAPODRAFT_94435;
OGAPODRAFT_94435;
OGAPODRAFT_94435;
OGAPODRAFT_94435;
OGAPODRAFT_94435;


OGAPODRAFT_17549;OGAPODRAFT_103659;
OGAPODRAFT_17549;OGAPODRAFT_103659;
OGAPODRAFT_17549;OGAPODRAFT_103659;
OGAPODRAFT_17549;OGAPODRAFT_103659;
OGAPODRAFT_17549;OGAPODRAFT_103659;
OGAPODRAFT_17549;OGAPODRAFT_103659;
OGAPODRAFT_17549;OGAPODRAFT_103659;
OGAPODRAFT_17549;OGAPODRAFT_103659;
OGAPODRAFT_74431;
OGAPODRAFT_74431;
OGAPODRAFT_74431;
OGAPODRAFT_74431;
OGAPODRAFT_74431;
OGAPODRAFT_74431;
OGAPODRAFT_74431;
OGAPODRAFT_16095;OGAPODRAFT_102625;
OGAPODRAFT_15884;OGAPODRAFT_96725;


OGAPODRAFT_98060;


OGAPODRAFT_15468;
OGAPODRAFT_16634;

OGAPODRAFT_93183;
OGAPODRAFT_16776;0;
OGAPODRAFT_17095;


OGAPODRAFT_16126;
0;


OGAPODRAFT_7162;
OGAPODRAFT_83988;
OGAPODRAFT_47169;


OGAPODRAFT_92047;
OGAPODRAFT_99184;
OGAPODRAFT_88971;


OGAPODRAFT_17048;OGAPODRAFT_88355;OGAPODRAFT_74482;OGAPODRAFT_16731;OGAPODRAFT_17070;OGAPODRAFT_15256;OGAPODRAFT_17443;
OGAPODRAFT_92900;OGAPODRAFT_92900;
OGAPODRAFT_82246;

OGAPODRAFT_49322;
OGAPODRAFT_49322;
OGAPODRAFT_75794;
OGAPODRAFT_15046;OGAPODRAFT_14634;OGAPODRAFT_10418;OGAPODRAFT_97123;OGAPODRAFT_15538;OGAPODRAFT_75953;OGAPODRAFT_75412;0;0;OGAPODRAFT_17371;OGAPODRAFT_92522;0;0;OGAPODRAFT_102448;OGAPODRAFT_103274;
OGAPODRAFT_77322;


OGAPODRAFT_83179;
OGAPODRAFT_103496;


OGAPODRAFT_81636;

OGAPODRAFT_49322;


OGAPODRAFT_16505;OGAPODRAFT_100017;
OGAPODRAFT_103051;

OGAPODRAFT_82845;
OGAPODRAFT_38767;

OGAPODRAFT_92522;
OGAPODRAFT_97123;
OGAPODRAFT_102448;

OGAPODRAFT_90189;
OGAPODRAFT_75953;
OGAPODRAFT_102504;
OGAPODRAFT_75953;
OGAPODRAFT_15639;OGAPODRAFT_17423;
OGAPODRAFT_15639;OGAPODRAFT_17423;
OGAPODRAFT_15639;OGAPODRAFT_17423;
OGAPODRAFT_15639;OGAPODRAFT_17423;
OGAPODRAFT_15639;OGAPODRAFT_17423;
OGAPODRAFT_15639;OGAPODRAFT_17423;
OGAPODRAFT_15639;OGAPODRAFT_17423;
OGAPODRAFT_15639;OGAPODRAFT_17423;


OGAPODRAFT_16776;OGAPODRAFT_81917;
OGAPODRAFT_16776;OGAPODRAFT_81917;
OGAPODRAFT_16776;OGAPODRAFT_81917;

OGAPODRAFT_101292;
OGAPODRAFT_15751;
OGAPODRAFT_15190;OGAPODRAFT_15190;OGAPODRAFT_16723;
OGAPODRAFT_15190;OGAPODRAFT_15190;OGAPODRAFT_16723;

OGAPODRAFT_97210;
OGAPODRAFT_22591;
OGAPODRAFT_16072;OGAPODRAFT_16072;
OGAPODRAFT_38767;

OGAPODRAFT_6292;



OGAPODRAFT_103274;
OGAPODRAFT_103274;
OGAPODRAFT_95542;
OGAPODRAFT_95542;

OGAPODRAFT_99689;
0;OGAPODRAFT_95098;
OGAPODRAFT_8492;
OGAPODRAFT_15123;
OGAPODRAFT_93893;




OGAPODRAFT_49322;
OGAPODRAFT_8492;
OGAPODRAFT_97061;
OGAPODRAFT_93227;
OGAPODRAFT_75596;
OGAPODRAFT_15046;OGAPODRAFT_14634;OGAPODRAFT_10418;OGAPODRAFT_97123;OGAPODRAFT_15538;OGAPODRAFT_75953;0;0;OGAPODRAFT_17371;OGAPODRAFT_92522;0;0;OGAPODRAFT_102448;0;
OGAPODRAFT_16837;
OGAPODRAFT_101505;

OGAPODRAFT_15046;OGAPODRAFT_14634;OGAPODRAFT_10418;OGAPODRAFT_97123;OGAPODRAFT_15538;OGAPODRAFT_75953;0;0;OGAPODRAFT_17371;OGAPODRAFT_92522;0;0;OGAPODRAFT_102448;OGAPODRAFT_103274;0;
OGAPODRAFT_16207;0;
OGAPODRAFT_15046;OGAPODRAFT_14634;OGAPODRAFT_10418;OGAPODRAFT_97123;OGAPODRAFT_15538;OGAPODRAFT_75953;OGAPODRAFT_75412;0;0;OGAPODRAFT_17371;OGAPODRAFT_92522;0;0;OGAPODRAFT_102448;OGAPODRAFT_103274;
OGAPODRAFT_75412;

OGAPODRAFT_15214;OGAPODRAFT_16476;
OGAPODRAFT_15214;OGAPODRAFT_16476;
OGAPODRAFT_15214;OGAPODRAFT_16476;

OGAPODRAFT_15214;OGAPODRAFT_16476;
OGAPODRAFT_15214;OGAPODRAFT_16476;
OGAPODRAFT_15214;OGAPODRAFT_16476;



OGAPODRAFT_15255;
0;

OGAPODRAFT_74431;
OGAPODRAFT_15513;
OGAPODRAFT_15513;
OGAPODRAFT_15513;
OGAPODRAFT_100208;
OGAPODRAFT_15342;
OGAPODRAFT_102080;OGAPODRAFT_15456;
OGAPODRAFT_15456;OGAPODRAFT_102080;
OGAPODRAFT_81446;
OGAPODRAFT_17090;OGAPODRAFT_15195;0;
OGAPODRAFT_15195;0;
OGAPODRAFT_15195;0;
OGAPODRAFT_15063;
OGAPODRAFT_16207;
OGAPODRAFT_16221;OGAPODRAFT_92206;
0;0;OGAPODRAFT_86266;

0;
OGAPODRAFT_16261;
OGAPODRAFT_17359;
OGAPODRAFT_102982;
OGAPODRAFT_102982;

OGAPODRAFT_94126;
OGAPODRAFT_15319;
OGAPODRAFT_92152;OGAPODRAFT_92152;0;OGAPODRAFT_49477;
OGAPODRAFT_92152;OGAPODRAFT_92152;0;OGAPODRAFT_49477;
0;
OGAPODRAFT_92152;OGAPODRAFT_92152;0;

OGAPODRAFT_81702;OGAPODRAFT_49391;



OGAPODRAFT_38221;


OGAPODRAFT_45822;

0;
OGAPODRAFT_76560;
OGAPODRAFT_99236;OGAPODRAFT_15832;OGAPODRAFT_88121;OGAPODRAFT_16127;OGAPODRAFT_16979;0;OGAPODRAFT_16732;OGAPODRAFT_88384;OGAPODRAFT_16553;OGAPODRAFT_15369;OGAPODRAFT_101659;0;OGAPODRAFT_75314;OGAPODRAFT_15144;OGAPODRAFT_17125;OGAPODRAFT_15944;OGAPODRAFT_102407;OGAPODRAFT_99236;OGAPODRAFT_17393;OGAPODRAFT_90750;OGAPODRAFT_16518;OGAPODRAFT_101226;OGAPODRAFT_16482;
OGAPODRAFT_17508;OGAPODRAFT_90977;OGAPODRAFT_81398;OGAPODRAFT_15430;
OGAPODRAFT_17380;OGAPODRAFT_17000;
OGAPODRAFT_15495;OGAPODRAFT_95456;
OGAPODRAFT_22788;OGAPODRAFT_103146;
OGAPODRAFT_82677;
OGAPODRAFT_88885;
OGAPODRAFT_15878;



OGAPODRAFT_82309;
OGAPODRAFT_81583;OGAPODRAFT_77738;
OGAPODRAFT_16536;
OGAPODRAFT_15456;OGAPODRAFT_16477;
OGAPODRAFT_15456;


OGAPODRAFT_81537;

OGAPODRAFT_101483;
OGAPODRAFT_16764;OGAPODRAFT_17164;
OGAPODRAFT_23093;
OGAPODRAFT_89277;

OGAPODRAFT_15662;OGAPODRAFT_93067;
OGAPODRAFT_40331;OGAPODRAFT_15457;OGAPODRAFT_15664;OGAPODRAFT_93067;




0;OGAPODRAFT_17363;
0;OGAPODRAFT_17363;
OGAPODRAFT_95867;


OGAPODRAFT_16385;0;OGAPODRAFT_78322;0;
OGAPODRAFT_8492;
OGAPODRAFT_81781;
0;
OGAPODRAFT_94637;
OGAPODRAFT_8492;
OGAPODRAFT_15038;
OGAPODRAFT_16907;
OGAPODRAFT_87483;OGAPODRAFT_50531;
OGAPODRAFT_86341;


OGAPODRAFT_15513;
OGAPODRAFT_15513;
OGAPODRAFT_15513;
OGAPODRAFT_15513;
OGAPODRAFT_15513;
OGAPODRAFT_15513;
OGAPODRAFT_81595;
OGAPODRAFT_17519;

OGAPODRAFT_16186;
OGAPODRAFT_16186;
OGAPODRAFT_16186;
OGAPODRAFT_17421;



0;
OGAPODRAFT_7518;

OGAPODRAFT_17429;
OGAPODRAFT_38952;
OGAPODRAFT_98709;
OGAPODRAFT_85162;

OGAPODRAFT_101240;
OGAPODRAFT_99867;OGAPODRAFT_41426;
OGAPODRAFT_99867;OGAPODRAFT_41426;



OGAPODRAFT_98060;
OGAPODRAFT_17054;


OGAPODRAFT_17421;OGAPODRAFT_17478;
OGAPODRAFT_101240;
OGAPODRAFT_97364;
OGAPODRAFT_101240;
OGAPODRAFT_16781;
OGAPODRAFT_17427;OGAPODRAFT_16393;OGAPODRAFT_15152;
OGAPODRAFT_17196;OGAPODRAFT_15704;

OGAPODRAFT_7518;
OGAPODRAFT_23423;



OGAPODRAFT_100320;
OGAPODRAFT_5832;

OGAPODRAFT_81917;
OGAPODRAFT_81917;
OGAPODRAFT_81917;
0;OGAPODRAFT_99403;OGAPODRAFT_75844;OGAPODRAFT_51058;

OGAPODRAFT_85162;
OGAPODRAFT_95868;OGAPODRAFT_50275;OGAPODRAFT_16186;
OGAPODRAFT_82848;OGAPODRAFT_16247;OGAPODRAFT_83994;OGAPODRAFT_93590;OGAPODRAFT_94058;
OGAPODRAFT_95868;OGAPODRAFT_50275;
OGAPODRAFT_99184;
OGAPODRAFT_15610;OGAPODRAFT_15448;
OGAPODRAFT_6244;
0;0;0;0;0;OGAPODRAFT_86569;
0;0;OGAPODRAFT_86266;


OGAPODRAFT_17421;

OGAPODRAFT_15117;




OGAPODRAFT_16837;
OGAPODRAFT_15123;
OGAPODRAFT_93893;
OGAPODRAFT_98907;OGAPODRAFT_91816;
OGAPODRAFT_16181;
OGAPODRAFT_81595;
OGAPODRAFT_15610;OGAPODRAFT_15448;
0;
OGAPODRAFT_98907;
OGAPODRAFT_94825;
OGAPODRAFT_81595;
OGAPODRAFT_81595;
OGAPODRAFT_44799;
OGAPODRAFT_44799;
OGAPODRAFT_15371;
OGAPODRAFT_16304;OGAPODRAFT_15141;
OGAPODRAFT_82690;OGAPODRAFT_6718;
OGAPODRAFT_16270;OGAPODRAFT_99603;
OGAPODRAFT_16270;OGAPODRAFT_99603;
OGAPODRAFT_93790;

0;0;OGAPODRAFT_86266;

OGAPODRAFT_51202;
OGAPODRAFT_16006;
OGAPODRAFT_77236;

OGAPODRAFT_17430;




OGAPODRAFT_17349;OGAPODRAFT_17001;OGAPODRAFT_86070;OGAPODRAFT_17001;
OGAPODRAFT_97999;
OGAPODRAFT_15133;
OGAPODRAFT_15133;
OGAPODRAFT_97999;
OGAPODRAFT_16923;
OGAPODRAFT_16923;
OGAPODRAFT_16933;
OGAPODRAFT_89277;
OGAPODRAFT_102122;
OGAPODRAFT_92536;
OGAPODRAFT_102327;

OGAPODRAFT_101342;


OGAPODRAFT_17521;
OGAPODRAFT_44972;OGAPODRAFT_16599;
OGAPODRAFT_82074;
OGAPODRAFT_16458;OGAPODRAFT_16303;
OGAPODRAFT_15863;OGAPODRAFT_17115;



OGAPODRAFT_82309;
0;

OGAPODRAFT_96740;OGAPODRAFT_91005;


















OGAPODRAFT_16373;

OGAPODRAFT_16373;



OGAPODRAFT_24938;




OGAPODRAFT_8492;
OGAPODRAFT_8492;
OGAPODRAFT_8492;
OGAPODRAFT_8492;








OGAPODRAFT_98944;OGAPODRAFT_16692;
OGAPODRAFT_50282;OGAPODRAFT_16239;
OGAPODRAFT_15517;


OGAPODRAFT_8492;
OGAPODRAFT_15739;








OGAPODRAFT_8492;






OGAPODRAFT_94548;OGAPODRAFT_15568;
OGAPODRAFT_94548;OGAPODRAFT_15568;
OGAPODRAFT_94548;OGAPODRAFT_15568;





OGAPODRAFT_98060;
OGAPODRAFT_15634;




OGAPODRAFT_81304;0;
OGAPODRAFT_88534;
OGAPODRAFT_50808;












OGAPODRAFT_94071;
OGAPODRAFT_101511;

OGAPODRAFT_8492;











OGAPODRAFT_15724;
OGAPODRAFT_93183;OGAPODRAFT_16776;0;
OGAPODRAFT_15513;
OGAPODRAFT_15936;OGAPODRAFT_15598;
OGAPODRAFT_15936;OGAPODRAFT_15598;
OGAPODRAFT_15936;OGAPODRAFT_15598;
OGAPODRAFT_15936;OGAPODRAFT_15598;
OGAPODRAFT_94548;OGAPODRAFT_15568;
OGAPODRAFT_16173;
OGAPODRAFT_16761;OGAPODRAFT_93522;
OGAPODRAFT_16761;
OGAPODRAFT_41784;
OGAPODRAFT_80959;







OGAPODRAFT_49985;
OGAPODRAFT_100864;OGAPODRAFT_96880;OGAPODRAFT_77308;OGAPODRAFT_15108;
0;


OGAPODRAFT_97665;
OGAPODRAFT_84229;




OGAPODRAFT_98096;
OGAPODRAFT_92900;OGAPODRAFT_92900;

0;OGAPODRAFT_50694;OGAPODRAFT_16764;OGAPODRAFT_16764;
OGAPODRAFT_16634;
OGAPODRAFT_93183;OGAPODRAFT_16776;0;
OGAPODRAFT_93183;OGAPODRAFT_16776;0;
OGAPODRAFT_93183;OGAPODRAFT_16776;0;
OGAPODRAFT_93183;OGAPODRAFT_16776;0;
OGAPODRAFT_93183;OGAPODRAFT_16776;0;

OGAPODRAFT_16497;
OGAPODRAFT_91830;
OGAPODRAFT_75900;
OGAPODRAFT_16445;
OGAPODRAFT_94791;OGAPODRAFT_93702;

OGAPODRAFT_15513;
OGAPODRAFT_15513;
OGAPODRAFT_15513;
OGAPODRAFT_15513;
OGAPODRAFT_15513;

OGAPODRAFT_94435;OGAPODRAFT_17375;OGAPODRAFT_103659;OGAPODRAFT_92990;OGAPODRAFT_17423;OGAPODRAFT_74431;
OGAPODRAFT_17490;
OGAPODRAFT_17490;OGAPODRAFT_86856;
OGAPODRAFT_97907;
OGAPODRAFT_15387;OGAPODRAFT_15301;

OGAPODRAFT_92301;
OGAPODRAFT_101109;
ADK2 OGAPODRAFT_6139;
OGAPODRAFT_17098;
OGAPODRAFT_93522;OGAPODRAFT_101505;
OGAPODRAFT_74996;
OGAPODRAFT_83150;
OGAPODRAFT_25166;
OGAPODRAFT_16362;
OGAPODRAFT_16362;
OGAPODRAFT_15693;
OGAPODRAFT_15775;OGAPODRAFT_16181;
OGAPODRAFT_16445;
OGAPODRAFT_15178;

OGAPODRAFT_15686;
OGAPODRAFT_16332;
OGAPODRAFT_17421;OGAPODRAFT_91309;OGAPODRAFT_17478;
OGAPODRAFT_88971;
OGAPODRAFT_17147;
OGAPODRAFT_13274;
OGAPODRAFT_15056;
OGAPODRAFT_15624;OGAPODRAFT_81143;
0;0;OGAPODRAFT_15480;
OGAPODRAFT_92047;
0;OGAPODRAFT_50694;OGAPODRAFT_16764;OGAPODRAFT_16764;
OGAPODRAFT_95435;
OGAPODRAFT_77970;
OGAPODRAFT_51848;OGAPODRAFT_49303;OGAPODRAFT_95826;
OGAPODRAFT_98553;
OGAPODRAFT_51722;
OGAPODRAFT_10662;
OGAPODRAFT_96086;
OGAPODRAFT_77840;
OGAPODRAFT_16316;OGAPODRAFT_17033;OGAPODRAFT_101109;
OGAPODRAFT_16799;OGAPODRAFT_16799;
OGAPODRAFT_83337;
OGAPODRAFT_16610;
OGAPODRAFT_17452;
OGAPODRAFT_17452;
OGAPODRAFT_17263;


OGAPODRAFT_83037;
OGAPODRAFT_9261;
OGAPODRAFT_96081;
OGAPODRAFT_76258;
OGAPODRAFT_96725;
OGAPODRAFT_15884;
OGAPODRAFT_96725;
OGAPODRAFT_103693;
OGAPODRAFT_77218;
0;OGAPODRAFT_99244;

OGAPODRAFT_84904;


0;OGAPODRAFT_99244;
OGAPODRAFT_15371;
OGAPODRAFT_92522;
OGAPODRAFT_24996;OGAPODRAFT_16153;
OGAPODRAFT_16447;OGAPODRAFT_98776;
OGAPODRAFT_16153;OGAPODRAFT_15555;
OGAPODRAFT_95311;
OGAPODRAFT_94362;
OGAPODRAFT_15427;
OGAPODRAFT_76469;
OGAPODRAFT_11793;
OGAPODRAFT_95533;

OGAPODRAFT_76390;
OGAPODRAFT_16205;
OGAPODRAFT_75269;OGAPODRAFT_16504;
OGAPODRAFT_48315;
OGAPODRAFT_101109;OGAPODRAFT_16316;
OGAPODRAFT_82811;OGAPODRAFT_102999;OGAPODRAFT_83997;
OGAPODRAFT_99703;OGAPODRAFT_22860;OGAPODRAFT_15454;
OGAPODRAFT_99703;OGAPODRAFT_15454;
OGAPODRAFT_97158;



OGAPODRAFT_15747;
OGAPODRAFT_74631;
OGAPODRAFT_16058;
OGAPODRAFT_48589;OGAPODRAFT_74631;
OGAPODRAFT_48589;
OGAPODRAFT_75355;OGAPODRAFT_16745;
OGAPODRAFT_9954;
OGAPODRAFT_16058;
OGAPODRAFT_15665;
OGAPODRAFT_23954;
OGAPODRAFT_47169;
OGAPODRAFT_84499;
OGAPODRAFT_101019;
OGAPODRAFT_81636;
OGAPODRAFT_16560;
OGAPODRAFT_16560;
OGAPODRAFT_23810;
OGAPODRAFT_15199;
OGAPODRAFT_7041;OGAPODRAFT_103253;OGAPODRAFT_90368;
OGAPODRAFT_46610;OGAPODRAFT_90368;
OGAPODRAFT_25583;
OGAPODRAFT_87893;
OGAPODRAFT_82913;OGAPODRAFT_50451;OGAPODRAFT_8272;
OGAPODRAFT_51567;
OGAPODRAFT_103051;
OGAPODRAFT_103051;
OGAPODRAFT_100799;

OGAPODRAFT_7518;
OGAPODRAFT_97329;OGAPODRAFT_16629;
OGAPODRAFT_38767;
OGAPODRAFT_96081;OGAPODRAFT_87999;
OGAPODRAFT_15984;
OGAPODRAFT_15984;
OGAPODRAFT_15611;
OGAPODRAFT_96740;OGAPODRAFT_91005;OGAPODRAFT_83364;
OGAPODRAFT_16373;
OGAPODRAFT_17093;OGAPODRAFT_10669;
OGAPODRAFT_82959;
OGAPODRAFT_23286;
OGAPODRAFT_97594;
OGAPODRAFT_100410;
OGAPODRAFT_98412;
OGAPODRAFT_76560;
OGAPODRAFT_82677;OGAPODRAFT_76435;
OGAPODRAFT_16776;OGAPODRAFT_81917;
OGAPODRAFT_16776;OGAPODRAFT_81917;
OGAPODRAFT_16776;OGAPODRAFT_81917;
OGAPODRAFT_16776;OGAPODRAFT_81917;
OGAPODRAFT_16776;OGAPODRAFT_81917;
OGAPODRAFT_16776;OGAPODRAFT_81917;
OGAPODRAFT_97907;OGAPODRAFT_96725;
OGAPODRAFT_25347;
OGAPODRAFT_16205;
OGAPODRAFT_15199;




OGAPODRAFT_94548;OGAPODRAFT_15568;

OGAPODRAFT_94548;OGAPODRAFT_15568;

OGAPODRAFT_94548;OGAPODRAFT_15568;
OGAPODRAFT_94548;OGAPODRAFT_15568;
OGAPODRAFT_15190;OGAPODRAFT_15190;OGAPODRAFT_16723;
OGAPODRAFT_15190;OGAPODRAFT_15190;OGAPODRAFT_16723;
OGAPODRAFT_15190;OGAPODRAFT_15190;OGAPODRAFT_16723;
OGAPODRAFT_15348;
OGAPODRAFT_100096;0;
OGAPODRAFT_16585;
OGAPODRAFT_101391;OGAPODRAFT_15228;
OGAPODRAFT_16184;
OGAPODRAFT_80896;OGAPODRAFT_16510;
0;0;
OGAPODRAFT_100208;
OGAPODRAFT_77014;
OGAPODRAFT_16722;

OGAPODRAFT_10669;
OGAPODRAFT_88534;
OGAPODRAFT_16045;
OGAPODRAFT_16971;
OGAPODRAFT_16971;
OGAPODRAFT_16566;
OGAPODRAFT_16566;
OGAPODRAFT_16889;
OGAPODRAFT_91928;

OGAPODRAFT_16996;
OGAPODRAFT_16324;
OGAPODRAFT_17354;
OGAPODRAFT_89929;
OGAPODRAFT_16943;
OGAPODRAFT_15991;OGAPODRAFT_16530;
OGAPODRAFT_15589;OGAPODRAFT_91309;OGAPODRAFT_15592;0;
OGAPODRAFT_15589;OGAPODRAFT_91309;OGAPODRAFT_15592;0;
OGAPODRAFT_15589;OGAPODRAFT_91309;OGAPODRAFT_15592;0;

OGAPODRAFT_16103;
OGAPODRAFT_24994;
OGAPODRAFT_51567;
OGAPODRAFT_98329;OGAPODRAFT_88763;
OGAPODRAFT_15696;
OGAPODRAFT_17433;OGAPODRAFT_101503;

OGAPODRAFT_15336;
OGAPODRAFT_83178;
OGAPODRAFT_16906;

OGAPODRAFT_78012;




OGAPODRAFT_16907;
OGAPODRAFT_89468;
OGAPODRAFT_15545;

OGAPODRAFT_93458;OGAPODRAFT_103653;0;

OGAPODRAFT_81199;
OGAPODRAFT_97061;
OGAPODRAFT_15850;
OGAPODRAFT_17455;
0;OGAPODRAFT_75596;
OGAPODRAFT_17093;OGAPODRAFT_10669;
OGAPODRAFT_87278;OGAPODRAFT_16166;OGAPODRAFT_15533;
OGAPODRAFT_15294;OGAPODRAFT_15533;
OGAPODRAFT_15294;OGAPODRAFT_82283;
OGAPODRAFT_16697;
OGAPODRAFT_16289;
OGAPODRAFT_39142;OGAPODRAFT_82677;
OGAPODRAFT_101393;
OGAPODRAFT_17420;
OGAPODRAFT_16748;



OGAPODRAFT_15214;OGAPODRAFT_16476;OGAPODRAFT_16776;
OGAPODRAFT_15214;OGAPODRAFT_16476;OGAPODRAFT_16776;
OGAPODRAFT_15214;OGAPODRAFT_16476;OGAPODRAFT_16776;
OGAPODRAFT_15214;OGAPODRAFT_16476;OGAPODRAFT_16776;
OGAPODRAFT_15214;OGAPODRAFT_16476;OGAPODRAFT_16776;
OGAPODRAFT_15214;OGAPODRAFT_16476;OGAPODRAFT_16776;
OGAPODRAFT_91171;
OGAPODRAFT_17183;OGAPODRAFT_17183;
OGAPODRAFT_77416;OGAPODRAFT_17032;
OGAPODRAFT_24225;OGAPODRAFT_85460;
0;OGAPODRAFT_99403;OGAPODRAFT_75844;OGAPODRAFT_51058;
0;OGAPODRAFT_99403;OGAPODRAFT_75844;OGAPODRAFT_51058;
0;OGAPODRAFT_99403;OGAPODRAFT_75844;OGAPODRAFT_51058;
OGAPODRAFT_75409;
OGAPODRAFT_76562;
OGAPODRAFT_76562;
OGAPODRAFT_15342;
OGAPODRAFT_15549;
OGAPODRAFT_15791;
OGAPODRAFT_16399;

OGAPODRAFT_38767;
OGAPODRAFT_15878;
OGAPODRAFT_15378;
OGAPODRAFT_15378;
OGAPODRAFT_22750;
OGAPODRAFT_74411;
OGAPODRAFT_102119;
OGAPODRAFT_15072;OGAPODRAFT_17420;
OGAPODRAFT_75230;
OGAPODRAFT_17519;

OGAPODRAFT_16510;
OGAPODRAFT_94646;
OGAPODRAFT_5846;
OGAPODRAFT_16316;
OGAPODRAFT_15169;
OGAPODRAFT_77713;
OGAPODRAFT_17385;
OGAPODRAFT_15686;

OGAPODRAFT_15154;
OGAPODRAFT_17429;
OGAPODRAFT_81353;
OGAPODRAFT_81353;
OGAPODRAFT_95776;
OGAPODRAFT_44799;
OGAPODRAFT_15342;
OGAPODRAFT_75001;
OGAPODRAFT_15169;
OGAPODRAFT_92907;
OGAPODRAFT_16856;
OGAPODRAFT_16318;OGAPODRAFT_74645;OGAPODRAFT_16447;
OGAPODRAFT_16559;
OGAPODRAFT_17228;
OGAPODRAFT_15935;
OGAPODRAFT_98584;0;
OGAPODRAFT_98584;
0;OGAPODRAFT_16239;
OGAPODRAFT_16221;OGAPODRAFT_92206;
OGAPODRAFT_89623;
OGAPODRAFT_91171;

OGAPODRAFT_94435;OGAPODRAFT_17375;OGAPODRAFT_103659;OGAPODRAFT_92990;OGAPODRAFT_17423;OGAPODRAFT_74431;
OGAPODRAFT_83598;
OGAPODRAFT_16957;
OGAPODRAFT_83598;
OGAPODRAFT_9407;
OGAPODRAFT_16261;
OGAPODRAFT_9131;
OGAPODRAFT_17032;OGAPODRAFT_77416;
OGAPODRAFT_84152;
OGAPODRAFT_100743;
0;
OGAPODRAFT_97555;
OGAPODRAFT_93533;
OGAPODRAFT_93533;
OGAPODRAFT_16045;
OGAPODRAFT_91824;OGAPODRAFT_17575;
OGAPODRAFT_101866;
OGAPODRAFT_45822;OGAPODRAFT_86341;
OGAPODRAFT_86341;OGAPODRAFT_45822;
OGAPODRAFT_82221;
OGAPODRAFT_95758;
OGAPODRAFT_95758;
OGAPODRAFT_39142;OGAPODRAFT_95665;
OGAPODRAFT_16755;OGAPODRAFT_15725;
OGAPODRAFT_16755;
OGAPODRAFT_16755;
OGAPODRAFT_16755;
OGAPODRAFT_16755;OGAPODRAFT_15725;
OGAPODRAFT_16755;
OGAPODRAFT_16755;
OGAPODRAFT_16755;
OGAPODRAFT_49307;OGAPODRAFT_16797;

OGAPODRAFT_97583;
OGAPODRAFT_97583;
OGAPODRAFT_98306;
OGAPODRAFT_98306;
OGAPODRAFT_97583;
OGAPODRAFT_97583;
OGAPODRAFT_102519;
OGAPODRAFT_17232;


OGAPODRAFT_24938;
OGAPODRAFT_17255;

OGAPODRAFT_15169;
OGAPODRAFT_17222;
OGAPODRAFT_15772;
OGAPODRAFT_17542;OGAPODRAFT_100977;
OGAPODRAFT_100225;
OGAPODRAFT_93702;
OGAPODRAFT_12267;
OGAPODRAFT_16185;
OGAPODRAFT_15714;
OGAPODRAFT_87688;
OGAPODRAFT_17421;OGAPODRAFT_91309;OGAPODRAFT_17478;
OGAPODRAFT_16355;
OGAPODRAFT_78289;

OGAPODRAFT_15228;OGAPODRAFT_81191;OGAPODRAFT_15957;OGAPODRAFT_94666;
OGAPODRAFT_17060;
OGAPODRAFT_15567;
OGAPODRAFT_102344;
OGAPODRAFT_75091;OGAPODRAFT_91784;
OGAPODRAFT_11645;OGAPODRAFT_15189;OGAPODRAFT_98346;OGAPODRAFT_82924;
OGAPODRAFT_102034;OGAPODRAFT_75847;

OGAPODRAFT_101511;
OGAPODRAFT_98096;OGAPODRAFT_17449;

OGAPODRAFT_83433;
OGAPODRAFT_101240;
OGAPODRAFT_17579;OGAPODRAFT_93981;
OGAPODRAFT_80878;
OGAPODRAFT_15724;OGAPODRAFT_101426;0;
OGAPODRAFT_90468;
OGAPODRAFT_95263;
OGAPODRAFT_88509;
OGAPODRAFT_100800;OGAPODRAFT_100800;
0;
OGAPODRAFT_15353;OGAPODRAFT_16531;OGAPODRAFT_74884;
OGAPODRAFT_16531;
OGAPODRAFT_88236;
OGAPODRAFT_15529;0;
OGAPODRAFT_9224;
OGAPODRAFT_102034;
OGAPODRAFT_82973;
OGAPODRAFT_75269;

OGAPODRAFT_40325;
OGAPODRAFT_7687;
OGAPODRAFT_81232;
OGAPODRAFT_16943;OGAPODRAFT_7687;
OGAPODRAFT_85162;
OGAPODRAFT_17022;
OGAPODRAFT_85162;
OGAPODRAFT_84264;
OGAPODRAFT_76992;
OGAPODRAFT_16911;
OGAPODRAFT_39276;OGAPODRAFT_101483;
OGAPODRAFT_91557;OGAPODRAFT_81312;OGAPODRAFT_82340;OGAPODRAFT_101532;
OGAPODRAFT_15984;
OGAPODRAFT_87507;
OGAPODRAFT_15453;
OGAPODRAFT_16052;
OGAPODRAFT_91716;
OGAPODRAFT_76560;
OGAPODRAFT_76560;
OGAPODRAFT_76560;
OGAPODRAFT_76560;
OGAPODRAFT_76560;
OGAPODRAFT_76560;
OGAPODRAFT_15725;
OGAPODRAFT_99052;0;
OGAPODRAFT_95934;
OGAPODRAFT_98503;OGAPODRAFT_15842;
OGAPODRAFT_98503;
OGAPODRAFT_16034;


OGAPODRAFT_15714;
OGAPODRAFT_15714;
OGAPODRAFT_48948;OGAPODRAFT_48948;
OGAPODRAFT_6412;OGAPODRAFT_6412;
OGAPODRAFT_77849;
OGAPODRAFT_103592;
OGAPODRAFT_16498;
OGAPODRAFT_98634;
OGAPODRAFT_76440;

OGAPODRAFT_15860;0;

OGAPODRAFT_89277;OGAPODRAFT_16933;
0;
OGAPODRAFT_94006;
OGAPODRAFT_15984;
OGAPODRAFT_15984;
OGAPODRAFT_90970;
OGAPODRAFT_90970;
OGAPODRAFT_50636;OGAPODRAFT_15343;
OGAPODRAFT_102122;OGAPODRAFT_9342;
OGAPODRAFT_17351;OGAPODRAFT_44328;OGAPODRAFT_15555;OGAPODRAFT_87483;
OGAPODRAFT_16447;OGAPODRAFT_17351;
OGAPODRAFT_17472;

OGAPODRAFT_16239;
OGAPODRAFT_15471;

OGAPODRAFT_16239;OGAPODRAFT_7720;OGAPODRAFT_17052;

OGAPODRAFT_99248;OGAPODRAFT_86546;
OGAPODRAFT_17504;OGAPODRAFT_17502;
OGAPODRAFT_94540;0;OGAPODRAFT_94540;
OGAPODRAFT_15589;OGAPODRAFT_15592;0;
OGAPODRAFT_97329;OGAPODRAFT_16629;

OGAPODRAFT_16983;
OGAPODRAFT_15860;0;
OGAPODRAFT_15166;
OGAPODRAFT_88455;
OGAPODRAFT_16768;
OGAPODRAFT_16032;OGAPODRAFT_95557;OGAPODRAFT_95557;
OGAPODRAFT_16032;OGAPODRAFT_95557;OGAPODRAFT_95557;
OGAPODRAFT_7629;
OGAPODRAFT_92172;
OGAPODRAFT_47120;OGAPODRAFT_85460;
OGAPODRAFT_44849;
OGAPODRAFT_9853;OGAPODRAFT_15714;


OGAPODRAFT_82307;

OGAPODRAFT_92749;OGAPODRAFT_16612;OGAPODRAFT_74573;
OGAPODRAFT_16660;
0;OGAPODRAFT_17363;
OGAPODRAFT_94663;
OGAPODRAFT_99128;
OGAPODRAFT_98096;OGAPODRAFT_17449;OGAPODRAFT_96725;
OGAPODRAFT_76106;
OGAPODRAFT_17116;
OGAPODRAFT_6888;
OGAPODRAFT_99881;
OGAPODRAFT_16560;
OGAPODRAFT_98096;OGAPODRAFT_17449;
OGAPODRAFT_15927;
OGAPODRAFT_103670;
OGAPODRAFT_94825;
OGAPODRAFT_98553;
OGAPODRAFT_98412;OGAPODRAFT_16560;
OGAPODRAFT_81636;
OGAPODRAFT_81636;
OGAPODRAFT_15169;
OGAPODRAFT_15741;
OGAPODRAFT_15741;
OGAPODRAFT_15514;
OGAPODRAFT_16567;0;OGAPODRAFT_83364;

OGAPODRAFT_83364;OGAPODRAFT_17558;
OGAPODRAFT_17558;OGAPODRAFT_83364;OGAPODRAFT_83364;OGAPODRAFT_91005;OGAPODRAFT_96740;
OGAPODRAFT_99179;
OGAPODRAFT_17519;
OGAPODRAFT_76277;OGAPODRAFT_76277;
OGAPODRAFT_39142;OGAPODRAFT_82677;
OGAPODRAFT_16497;
OGAPODRAFT_82460;
OGAPODRAFT_15991;OGAPODRAFT_16530;
OGAPODRAFT_92047;
OGAPODRAFT_16058;
OGAPODRAFT_97364;
OGAPODRAFT_16181;
OGAPODRAFT_78289;OGAPODRAFT_78289;
OGAPODRAFT_92749;OGAPODRAFT_16612;OGAPODRAFT_74573;OGAPODRAFT_16477;OGAPODRAFT_99867;OGAPODRAFT_41426;
OGAPODRAFT_99052;OGAPODRAFT_13455;OGAPODRAFT_95297;
OGAPODRAFT_95557;OGAPODRAFT_95557;
OGAPODRAFT_74573;
OGAPODRAFT_74573;
OGAPODRAFT_74573;
OGAPODRAFT_74573;
OGAPODRAFT_74573;
OGAPODRAFT_16512;OGAPODRAFT_47173;
OGAPODRAFT_80848;
OGAPODRAFT_45710;
OGAPODRAFT_80959;
OGAPODRAFT_15833;
OGAPODRAFT_15233;
OGAPODRAFT_16512;OGAPODRAFT_47173;
OGAPODRAFT_16512;OGAPODRAFT_47173;
OGAPODRAFT_16512;OGAPODRAFT_47173;
OGAPODRAFT_16512;OGAPODRAFT_47173;
OGAPODRAFT_83748;
OGAPODRAFT_15624;OGAPODRAFT_86569;
OGAPODRAFT_15783;
OGAPODRAFT_15090;OGAPODRAFT_17481;
OGAPODRAFT_78289;OGAPODRAFT_78289;
OGAPODRAFT_45305;
OGAPODRAFT_81143;
OGAPODRAFT_94006;
OGAPODRAFT_83748;

OGAPODRAFT_17086;OGAPODRAFT_15042;OGAPODRAFT_16716;
OGAPODRAFT_16716;OGAPODRAFT_97204;
OGAPODRAFT_16458;
OGAPODRAFT_97204;

OGAPODRAFT_15049;
OGAPODRAFT_15977;
OGAPODRAFT_16373;
OGAPODRAFT_8492;OGAPODRAFT_16444;
OGAPODRAFT_16490;

OGAPODRAFT_8492;


OGAPODRAFT_95363;

OGAPODRAFT_15250;
OGAPODRAFT_8492;




OGAPODRAFT_25163;OGAPODRAFT_77938;OGAPODRAFT_76918;
OGAPODRAFT_84558;OGAPODRAFT_43664;OGAPODRAFT_95786;
OGAPODRAFT_96328;OGAPODRAFT_95786;
OGAPODRAFT_84558;OGAPODRAFT_43664;
OGAPODRAFT_25163;OGAPODRAFT_77938;OGAPODRAFT_76918;
OGAPODRAFT_25163;OGAPODRAFT_95786;OGAPODRAFT_76918;
OGAPODRAFT_84558;OGAPODRAFT_43664;

OGAPODRAFT_25163;
OGAPODRAFT_84558;OGAPODRAFT_43664;OGAPODRAFT_95786;
OGAPODRAFT_91744;
OGAPODRAFT_84558;OGAPODRAFT_43664;OGAPODRAFT_95786;OGAPODRAFT_91744;
OGAPODRAFT_76042;
OGAPODRAFT_78218;
